Nome,Preço,Categoria,Avaliação,Número de avaliações,Termômetro,Vendedor
Smartphone Samsung Galaxy A14 5g 128gb 4gb Preto,1.099,Celulares e Smartphones,4.8,205,5,Mercado Livre
 Moto E40 Dual SIM 64 GB grafite 4 GB RAM,769,Celulares e Smartphones,4.6,824,5,123 Comprou
Samsung Galaxy S20 FE 5G 5G Dual SIM 128 GB cloud white 6 GB RAM,1.869,Celulares e Smartphones,4.8,2281,5,Mercado Livre
Apple iPhone 11 (128 GB) - Branco,"3.988,10",Celulares e Smartphones,4.5,2573,5,NILTONDASILVALIPPERTJUNIOR
Xiaomi Redmi Note 11 (Snapdragon) Dual SIM 128 GB twilight blue 6 GB RAM,"1.229,30",Celulares e Smartphones,4.7,4057,5,JEFERSON ELETROSTORE
 Moto G32 Dual SIM 128 GB preto 4 GB RAM,1.049,Celulares e Smartphones,4.9,78,5,Mercado Livre
Smartphone Samsung Galaxy A54 5g 128gb Memória Ram De 8gb 5g Preto,1.859,Celulares e Smartphones,4.8,12,5,Mercado Livre
Samsung Galaxy A23 5G 5G Dual SIM 128 GB awesome blue 4 GB RAM,1.279,Celulares e Smartphones,4.7,406,5,Mercado Livre
 Moto G42 Dual SIM 128 GB azul 4 GB RAM,1.089,Celulares e Smartphones,4.8,303,5,Mercado Livre
Samsung Galaxy A23 5G 5G Dual SIM 128 GB awesome white 4 GB RAM,1.279,Celulares e Smartphones,4.7,406,5,Mercado Livre
Motorola Edge Edge 30 Neo Dual SIM 256 GB black onyx 8 GB RAM,2.035,Celulares e Smartphones,4.6,105,5,Mercado Livre
Samsung Galaxy A23 Dual SIM 128 GB light blue 4 GB RAM,1.279,Celulares e Smartphones,4.8,1459,5,SHOP EV
Samsung Galaxy A04e Dual SIM 64 GB copper 3 GB RAM,769,Celulares e Smartphones,4.7,1915,5,Mercado Livre
Samsung Galaxy A03 Core Dual SIM 32 GB bronze 2 GB RAM,609,Celulares e Smartphones,4.6,7354,5,Mercado Livre
Smartphone Samsung Galaxy A54 5g 128gb Memória Ram De 8gb Octa-core Verde Lima,1.859,Celulares e Smartphones,4.8,12,5,Mercado Livre
 Moto E22 Dual SIM 64 GB preto 4 GB RAM,799,Celulares e Smartphones,4.7,1111,5,SP WEBFONES
Samsung Galaxy A23 5G 5G Dual SIM 128 GB awesome black 4 GB RAM,1.279,Celulares e Smartphones,4.7,406,5,Mercado Livre
Samsung Galaxy A04s 64 GB black 4 GB RAM,839,Celulares e Smartphones,4.5,11,5,Mercado Livre
Xiaomi Pocophone Poco M5 (5 Mpx) Dual SIM 128 GB black 6 GB RAM,"1.193,20",Celulares e Smartphones,4.8,305,5,BATERIAASSESORIOSJTK
 Moto G53 5G (eSIM) Dual SIM 128 GB grafite 4 GB RAM,1.419,Celulares e Smartphones,4.6,29,5,Mercado Livre
Samsung Galaxy A13 Dual SIM 128 GB preto 4 GB RAM,"1.124,80",Celulares e Smartphones,4.7,3949,5,BATERIAASSESORIOSJTK
Smartphone Motorola Moto G53 5g 128gb 4g Ram Rose,1.429,Celulares e Smartphones,4.8,70,5,Mercado Livre
Samsung Galaxy S21 FE 5G (Exynos) 5G Dual SIM 128 GB graphite 6 GB RAM,4.499,Celulares e Smartphones,4.7,644,5,Mercado Livre
 Moto G52 Dual SIM 128 GB charcoal grey 4 GB RAM,1.289,Celulares e Smartphones,4.7,3788,5,Girafa
Samsung Galaxy A23 128gb 4gb Ram Branco,2.099,Celulares e Smartphones,4.8,1459,5,SHOP EV
Philco Hit P8 Dual SIM 32 GB rose gold 3 GB RAM,449,Celulares e Smartphones,3.4,1500,5,123 Comprou
Samsung Galaxy A04s Dual SIM 64 GB black 4 GB RAM,875,Celulares e Smartphones,4.8,354,5,MEGAMAMUTE OFICIALES
 Moto G200 5G Dual SIM 256 GB verde 8 GB RAM,3.299,Celulares e Smartphones,4.6,158,5,123 Comprou
Samsung Galaxy A32 128 GB azul 4 GB RAM,1.399,Celulares e Smartphones,4.8,95,5,SHOP EV
 Moto G23 Dual SIM 128 GB branco 4 GB RAM,1.229,Celulares e Smartphones,4.9,57,5,Mercado Livre
Samsung Galaxy A23 Dual SIM 128 GB black 4 GB RAM,1.279,Celulares e Smartphones,4.8,1459,5,SHOP EV
Samsung Galaxy S23 Dual SIM 128 GB lavander 8 GB RAM,5.199,Celulares e Smartphones,4.9,130,5,Mercado Livre
Samsung Galaxy S22 Ultra 5G (Snapdragon) Dual SIM 256 GB phantom white 12 GB RAM,5.099,Celulares e Smartphones,5.0,58,5,Mercado Livre
Motorola Edge 30 Ultra Dual SIM 256 GB black 12 GB RAM,4.539,Celulares e Smartphones,4.6,12,5,Mercado Livre
Apple iPhone 14 (128 GB) - Meia-noite,5.586,Celulares e Smartphones,4.8,55,5,FASTSHOP OFICIAL
 Moto G8 Play Dual SIM 32 GB preto-ônix 2 GB RAM,"795,29",Celulares e Smartphones,4.6,736,5,MAISBARATOFONE
Multilaser E 2 Dual SIM 32 GB preto 1 GB RAM,"295,56",Celulares e Smartphones,4.1,117,5,KILLECOMMERCE
Xiaomi Pocophone Poco X5 Pro 5G Dual SIM 128 GB blue 6 GB RAM,"2.112,80",Celulares e Smartphones,4.9,70,5,VELASQUESLARISSA
Telefone Celular Blu B9 128gb 4g 6.5 - Bronze,799,Celulares e Smartphones,5.0,1,5,123 Comprou
 Moto G41 Dual SIM 128 GB pearl gold 4 GB RAM,1.229,Celulares e Smartphones,4.7,678,5,Mega Mamute
Samsung Galaxy S22 (Exynos) 5G Dual SIM 128 GB violet 8 GB RAM,5.999,Celulares e Smartphones,4.0,8,5,Mercado Livre
Samsung Galaxy S23 Dual SIM 128 GB verde 8 GB RAM,5.399,Celulares e Smartphones,4.9,130,5,Mercado Livre
Apple iPhone 14 Pro (128 GB) - Preto-espacial,7.916,Celulares e Smartphones,4.9,58,5,FASTSHOP OFICIAL
Asus ROG Phone 5s ZS676KS Dual SIM 128 GB phantom black 8 GB RAM,"3.255,12",Celulares e Smartphones,4.7,38,5,Asus
Samsung Galaxy Galaxy M53 5G Dual SIM 128 GB azul 8 GB RAM,1.844,Celulares e Smartphones,4.7,4011,5,Webfones
Samsung Galaxy A14 (Exynos) 5G Dual SIM 128 GB black 4 GB RAM,1.178,Celulares e Smartphones,5.0,5,5,VILELA _MIX
Apple iPhone 14 Pro (1 TB) - Roxo-profundo,11.699,Celulares e Smartphones,4.9,58,5,Iplace
Positivo Twist 4 S514 Dual SIM 64 GB vermelho 1 GB RAM,"439,90",Celulares e Smartphones,3.5,218,5,123 Comprou
 Moto E40 Dual SIM 64 GB rosê 4 GB RAM,1.189,Celulares e Smartphones,4.6,824,5,COMMCENTER
Apple iPhone 14 Pro Max (128 GB) - Roxo-profundo,8.759,Celulares e Smartphones,4.9,139,5,FASTSHOP OFICIAL
Google Pixel 7 Pro 256 GB obsidian 12 GB RAM,9.199,Celulares e Smartphones,5.0,1,5,DVASHBRASIL
Smartphone Infinix Hot 11 128 Gb  Dual Chip 4gb Ram  Secret,"1.259,10",Celulares e Smartphones,4.5,13,5,Infinix
Smartphone Infinix Hot 11 128 Gb  Dual Chip 4gb Ram  Secret,"1.259,10",Celulares e Smartphones,4.5,13,5,Infinix
Samsung Galaxy S20 FE 5G 5G Dual SIM 128 GB cloud mint 6 GB RAM,"2.213,99",Celulares e Smartphones,4.8,2281,5,LOJA IEDAMIYASHIRO
Moto G8 Plus Dual SIM 64 GB Cereja 4 GB RAM,1.245,Celulares e Smartphones,4.8,225,5,TECMODENA
 Moto G22 Dual SIM 128 GB cosmic black 4 GB RAM,1.099,Celulares e Smartphones,4.6,4426,5,MEGAMAMUTE OFICIALES
"Smartphone Moto E13 Com Tela De 6,5'' 64gb 4gb Ram Off White Motorola",902,Celulares e Smartphones,4.7,26,5,Webfones
Multilaser G Max 2 (13 Mpx) Dual SIM 128 GB preto 4 GB RAM,"768,55",Celulares e Smartphones,4.4,448,5,COMERCIOELETRONICOSEVARIEDADES
Xiaomi Redmi Note 11 (MediaTek) Dual SIM 128 GB sea blue 4 GB RAM,1.439,Celulares e Smartphones,4.5,105,5,TODOTECH.
 Moto G4 Play Dual SIM 16 GB preto 2 GB RAM,"712,80",Celulares e Smartphones,3.1,88,5,TECMODENA
 Moto G7 Play Dual SIM 32 GB ouro-fino 2 GB RAM,"742,60",Celulares e Smartphones,4.6,254,5,TECMODENA
Apple iPhone 14 Plus (512 GB) - Meia-noite,9.899,Celulares e Smartphones,5.0,6,5,LOJA IPLACE
Apple iPhone 13 (256 GB) - Azul,5.599,Celulares e Smartphones,4.9,683,5,LOJA IPLACE
Motorola Edge 30 Ultra 256 GB white 12 GB RAM,5.409,Celulares e Smartphones,4.8,6,5,Mobcom
Apple iPhone 12 (256 GB) - (PRODUCT)RED,4.859,Celulares e Smartphones,4.8,792,5,Mobcom
 Moto G71 Dual SIM 128 GB arctic blue 6 GB RAM,"1.999,99",Celulares e Smartphones,4.7,339,5,SMARTSCAROL
 Moto G71 Dual SIM 128 GB arctic blue 6 GB RAM,"1.999,99",Celulares e Smartphones,4.7,339,5,SMARTSCAROL
 Moto E32 64 GB azul 4 GB RAM,"1.077,23",Celulares e Smartphones,4.7,343,5,SMARTSCAROL
Xiaomi Mi A3 Dual SIM 64 GB acinzentado 4 GB RAM,"1.115,30",Celulares e Smartphones,4.8,2022,5,MZ ELETRO
Xiaomi Pocophone Poco M5 (5 Mpx) Dual SIM 64 GB green 4 GB RAM,"1.039,99",Celulares e Smartphones,4.8,305,5,VIPCOMERCIO2019
Multilaser G Dual SIM 32 GB ouro 1 GB RAM,"627,30",Celulares e Smartphones,4.2,66,5,SHOP EBINHO
Samsung Galaxy S23 Ultra Dual SIM 512 GB lavender 12 GB RAM,7.999,Celulares e Smartphones,5.0,143,5,CELLFONE1
Apple iPhone 14 Plus (512 GB) - (PRODUCT)RED,9.999,Celulares e Smartphones,5.0,6,5,Iplace
Apple iPhone 14 Pro (1 TB) - Dourado,11.999,Celulares e Smartphones,4.9,58,5,Iplace
Xiaomi Redmi Note 11 Pro+ 5G (Snapdragon) Dual SIM 256 GB stealth black 8 GB RAM,"2.788,04",Celulares e Smartphones,4.7,187,5,CV.VARIEDADES
Apple iPhone 14 Pro (512 GB) - Dourado,10.416,Celulares e Smartphones,4.9,58,5,FASTSHOP OFICIAL
Motorola Edge 20 Pro Dual SIM 256 GB branco 12 GB RAM,"3.220,96",Celulares e Smartphones,4.7,165,5,NEGOCIUN-SP
Apple iPhone 13 Pro Max (256 GB) - Prateado,"8.189,09",Celulares e Smartphones,4.9,136,5,MAKEUPHOUSE_ONLINE
Apple iPhone 11 (64 GB) - Preto,3.900,Celulares e Smartphones,4.5,2573,5,VATRA STORE.COM.BR
Apple iPhone 14 Pro Max (1 TB) - Roxo-profundo,12.928,Celulares e Smartphones,4.9,139,5,FASTSHOP OFICIAL
"Samsung Galaxy S21 FE 5G, 128gb de mémoria interna e 6gb de ram, dual chip, preto",1.939,Celulares e Smartphones,4.6,23,5,Mercado Livre
Celular Smartphone Motorola Moto E22 64gb 4gb 6.5 preto,769,Celulares e Smartphones,4.7,798,5,Mercado Livre
 Moto G42 Dual SIM 128 GB rosê 4 GB RAM,1.089,Celulares e Smartphones,4.8,303,5,Mercado Livre
Samsung Galaxy A14 (Exynos) 5G Dual SIM 128 GB silver 4 GB RAM,1.799,Celulares e Smartphones,5.0,5,5,Mercado Livre
Samsung Galaxy S22 Ultra (Snapdragon) Dual SIM 256 GB phantom black 12 GB RAM,4.999,Celulares e Smartphones,4.9,530,5,Mercado Livre
Samsung Galaxy A04s Dual SIM 64 GB green 4 GB RAM,839,Celulares e Smartphones,4.8,355,5,Mercado Livre
Xiaomi Redmi Note 11 (Snapdragon) Dual SIM 128 GB graphite gray 6 GB RAM,"1.254,95",Celulares e Smartphones,4.7,4057,5,JEFERSON ELETROSTORE
 Moto E22 Dual SIM 128 GB azul 4 GB RAM,935,Celulares e Smartphones,4.7,1111,5,John Store
Samsung Galaxy A52 Dual SIM 128 GB lilás 6 GB RAM,1.798,Celulares e Smartphones,4.7,1111,5,VIKING
 Moto G22 Dual SIM 128 GB iceberg blue 4 GB RAM,"1.831,67",Celulares e Smartphones,4.6,4426,5,VIKING
Samsung Galaxy S20 FE 5G 5G Dual SIM 128 GB cloud navy 6 GB RAM,1.899,Celulares e Smartphones,4.8,2281,5,Mercado Livre
Samsung Galaxy A14 (MediaTek) 5G Dual SIM 128 GB silver 4 GB RAM,1.129,Celulares e Smartphones,4.6,274,5,Mercado Livre
Multilaser E Lite 2 Dual SIM 32 GB preto 1 GB RAM,269,Celulares e Smartphones,4.2,428,5,KILLECOMMERCE
 Moto G23 Dual SIM 128 GB azul 4 GB RAM,1.192,Celulares e Smartphones,4.9,57,5,Mercado Livre
Samsung Galaxy S22 (Snapdragon) Dual SIM 128 GB pink gold 8 GB RAM,3.149,Celulares e Smartphones,4.8,667,5,Mercado Livre
Samsung Galaxy A32 Dual SIM 128 GB violeta 4 GB RAM,1.399,Celulares e Smartphones,4.6,4628,5,SHOP EV
Samsung Galaxy A32 Dual SIM 128 GB preto 4 GB RAM,1.399,Celulares e Smartphones,4.6,4628,5,SHOP EV
Motorola Edge Edge 30 Neo Dual SIM 256 GB very peri 8 GB RAM,2.009,Celulares e Smartphones,4.6,105,5,Motorola
Samsung Galaxy A34 5G 128 GB lemongrass 6 GB RAM,1.659,Celulares e Smartphones,4.9,9,5,Mercado Livre
Samsung Galaxy M13 128 GB cobre 4 GB RAM,999,Celulares e Smartphones,4.8,11,5,Mercado Livre
Multilaser E Pro Dual SIM 32 GB preto 1 GB RAM,"296,65",Celulares e Smartphones,4.1,74,5,COMERCIOELETRONICOSEVARIEDADES
Samsung Galaxy S21 FE 5G (Exynos) 5G Dual SIM 128 GB lavender 6 GB RAM,2.581,Celulares e Smartphones,4.7,644,5,Mega Mamute
Samsung Galaxy S23 Plus Dual SIM 256 GB verde 8 GB RAM,5.499,Celulares e Smartphones,4.8,64,5,Mercado Livre
Samsung Galaxy A23 5G 5G 128 GB awesome black 4 GB RAM,1.699,Celulares e Smartphones,4.8,12,5,Mercado Livre
Samsung Galaxy S21 FE 5G (Exynos) 128 GB lavender 6 GB RAM,2.599,Celulares e Smartphones,4.6,366,5,Mercado Livre
Philco Hit P8 Dual SIM 32 GB dark blue 3 GB RAM,"510,31",Celulares e Smartphones,3.4,1500,5,COMMCENTER
LG K61 Dual SIM 128 GB branco 4 GB RAM,"1.259,10",Celulares e Smartphones,4.6,1114,5,LH TECH
Motorola One Action Dual SIM 128 GB denim blue 4 GB RAM,"1.161,60",Celulares e Smartphones,4.6,82,5,TECMODENA
Samsung Galaxy Z Fold4 256 GB preto 12 GB RAM,7.899,Celulares e Smartphones,5.0,3,5,Mercado Livre
Asus ZenFone 9 Dual SIM 256 GB preto 16 GB RAM,"5.279,12",Celulares e Smartphones,4.3,4,5,Asus
Xiaomi Redmi Note 10 Dual SIM 64 GB onyx gray 4 GB RAM,1.215,Celulares e Smartphones,4.7,1473,5,MZ ELETRO
"Smartphone Samsung Galaxy A14 5g, 128gb, 4gb Ram, Tela 6.6",1.237,Celulares e Smartphones,4.6,5,5,COMMCENTER
Samsung Galaxy J6 TV Dual SIM 32 GB preto 2 GB RAM,"754,72",Celulares e Smartphones,3.9,21,5,TECMODENA
Apple iPhone 14 Pro Max (512 GB) - Prateado,11.799,Celulares e Smartphones,4.9,139,5,LOJA IPLACE
 Moto G7 Play Dual SIM 32 GB índigo-escuro 2 GB RAM,699,Celulares e Smartphones,4.6,254,5,TECMODENA
Apple iPhone 14 Pro (256 GB) - Preto-espacial,8.754,Celulares e Smartphones,4.9,58,5,FASTSHOP OFICIAL
Realme C30s Dual SIM 32 GB stripe black 2 GB RAM,"649,35",Celulares e Smartphones,4.6,14,5,Realme
Apple iPhone 13 Pro Max (128 GB) - Verde-alpino,8.499,Celulares e Smartphones,4.9,136,5,VATRA STORE.COM.BR
Apple iPhone 14 (128 GB) - (PRODUCT)RED,6.057,Celulares e Smartphones,4.8,55,5,FASTSHOP OFICIAL
Apple iPhone 13 (128 GB) - Estelar,4.899,Celulares e Smartphones,4.9,683,5,LOJA IPLACE
Samsung Galaxy S22+ (Snapdragon) 128 GB pink gold 8 GB RAM,4.799,Celulares e Smartphones,4.7,11,5,123 Comprou
Apple iPhone 12 (128 GB) - Preto,4.498,Celulares e Smartphones,4.8,792,5,FASTSHOP OFICIAL
Apple iPhone 12 (64 GB) - (PRODUCT)RED,4.079,Celulares e Smartphones,4.8,792,5,LOJA IPLACE
Xiaomi Pocophone Poco X3 Pro Dual SIM 128 GB frost blue 6 GB RAM,3.610,Celulares e Smartphones,4.8,903,5,MZ ELETRO
Xiaomi Pocophone Poco X4 Pro 5G Dual SIM 128 GB laser black 6 GB RAM,"2.443,06",Celulares e Smartphones,4.7,951,5,TORTAS DEFLECHA
Samsung Galaxy A34 5G 128 GB cinza titanium 6 GB RAM,1.799,Celulares e Smartphones,4.9,9,5,Digital ProShop
Xiaomi Redmi Note 7 (48 Mpx) Dual SIM 64 GB neptune blue 4 GB RAM,"1.128,60",Celulares e Smartphones,4.8,2260,5,SEU_JEITO_CONECTADO
Celular De Idoso Multilaser Flip Vita Duo Sim 32 Mb Preto,199,Celulares e Smartphones,4.7,64,5,NOVA.P
Multilaser F Pro Dual SIM 16 GB ouro 1 GB RAM,"434,69",Celulares e Smartphones,3.9,298,5,Loi Brasil
Apple iPhone 14 Pro Max (256 GB) - Preto-espacial,"13.618,44",Celulares e Smartphones,4.9,139,5,VATRA STORE.COM.BR
Xiaomi Redmi Note 11 Pro+ 5G (MediaTek) Dual SIM 128 GB preto 6 GB RAM,"2.294,15",Celulares e Smartphones,4.9,120,5,VITT_JS
Positivo Twist 4 Fit S509N Dual SIM 32 GB vermelho 1 GB RAM,"485,10",Celulares e Smartphones,4.0,180,5,Positivo
Apple iPhone 14 Plus (512 GB) - Estelar,9.799,Celulares e Smartphones,5.0,6,5,LOJA IPLACE
Asus ZenFone 9 Dual SIM 128 GB vermelho 8 GB RAM,"4.399,12",Celulares e Smartphones,4.3,4,5,Asus
Apple iPhone 12 (128 GB) - Branco,4.524,Celulares e Smartphones,4.8,792,5,FASTSHOP OFICIAL
Apple iPhone 14 (256 GB) - (PRODUCT)RED,6.892,Celulares e Smartphones,4.8,55,5,FASTSHOP OFICIAL
Apple iPhone 13 (256 GB) - Rosa,5.599,Celulares e Smartphones,4.9,683,5,LOJA IPLACE
Positivo Twist 4 Fit S514 Dual SIM 64 GB vermelho 1 GB RAM,496,Celulares e Smartphones,3.5,88,5,Maxx Na Sua Casa
Apple iPhone 13 mini (128 GB) - Estelar,4.895,Celulares e Smartphones,4.9,42,5,VICTOR_H2014
Xiaomi Redmi 10A Dual SIM 32 GB cinza 2 GB RAM,"744,51",Celulares e Smartphones,4.6,1158,5,MELORAFA0
Apple iPhone 14 Pro (256 GB) - Dourado,8.999,Celulares e Smartphones,4.9,58,5,Iplace
Xiaomi Redmi Note 11S Dual SIM 128 GB graphite gray 8 GB RAM,"1.334,55",Celulares e Smartphones,4.7,3422,5,PIGA4867747
 Moto G8 Dual SIM 64 GB neon blue 4 GB RAM,"1.193,54",Celulares e Smartphones,4.6,127,5,TECMODENA
Multilaser Vita IV com Base Dual SIM 32 MB preto 24 MB RAM,"180,40",Celulares e Smartphones,4.2,160,5,SOUTOFERJOSE
Xiaomi Mi A3 Dual SIM 64 GB azulón 4 GB RAM,"1.069,70",Celulares e Smartphones,4.8,2022,5,MZ ELETRO
Asus ROG Phone 6 Dual SIM 256 GB phantom black 8 GB RAM,"6.159,12",Celulares e Smartphones,5.0,1,5,Asus
Xiaomi Redmi Note 10 5G Dual SIM 128 GB graphite gray 4 GB RAM,"1.493,17",Celulares e Smartphones,4.6,495,5,VITT_JS
Samsung Galaxy A23 5G 5G 128 GB awesome blue 4 GB RAM,1.599,Celulares e Smartphones,4.8,12,5,SUPPLY CASES.STORE
Asus ZenFone 8 ZS590KS Dual SIM 256 GB horizon silver 8 GB RAM,"3.431,12",Celulares e Smartphones,4.0,3,5,Asus
Oppo Reno7 Dual SIM 128 GB preto 6 GB RAM,2.199,Celulares e Smartphones,4.4,7,5,PAULOFILISBINOSILVA
Multilaser F Pro 2 Dual SIM 32 GB dourado 1 GB RAM,"573,32",Celulares e Smartphones,4.1,45,5,AVILE SHOP
Positivo P26 Dual SIM 32 MB preto 32 MB RAM,"120,38",Celulares e Smartphones,4.3,1005,4,STOPCELL TELEFONIA
 Moto G6 Play Dual SIM 32 GB ouro-fino 3 GB RAM,664,Celulares e Smartphones,4.4,140,5,TECMODENA
Samsung Galaxy A02 Dual SIM 32 GB azul 2 GB RAM,"791,12",Celulares e Smartphones,4.4,3220,5,RGS-VENDAS
 Moto G32 128 GB Rosê 4 GB RAM,"1.214,99",Celulares e Smartphones,4.9,143,5,LOJA IEDAMIYASHIRO
Tecno Camon 19 Neo Dual Sim 128+6 Até 11gb Ram 48mp Nfc,"1.283,64",Celulares e Smartphones,5.0,5,5,EPCOMERCIOELETRONICODEINFO
Motorola One Zoom Dual SIM 128 GB titanium 4 GB RAM,"1.222,26",Celulares e Smartphones,4.7,23,5,TECMODENA
Nokia Cseries C01 Plus (Global) Dual SIM 32 GB violeta 1 GB RAM,"492,50",Celulares e Smartphones,4.2,308,5,COMPRAOKCOMERCIOELETRONIC
Apple iPhone 14 (512 GB) - Roxo,8.499,Celulares e Smartphones,4.8,55,5,Iplace
 Moto G20 Dual SIM 64 GB pink 4 GB RAM,"1.383,79",Celulares e Smartphones,4.6,2807,5,SMARTSCAROL
Smartphone Samsung Galaxy A54 5g 256gb 8gb Octa-core Preto,2.179,Celulares e Smartphones,4.8,12,5,Mercado Livre
Samsung Galaxy M13 Dual SIM 128 GB cobre 4 GB RAM,999,Celulares e Smartphones,4.7,5387,5,Mercado Livre
Samsung Galaxy A04e Dual SIM 64 GB light blue 3 GB RAM,1.399,Celulares e Smartphones,4.7,1915,5,Mercado Livre
 Moto E22 Dual SIM 128 GB preto 4 GB RAM,961,Celulares e Smartphones,4.7,1114,5,Motorola
 Moto E22 Dual SIM 128 GB preto 4 GB RAM,961,Celulares e Smartphones,4.7,1114,5,Motorola
Samsung Galaxy A03 Core Dual SIM 32 GB mint 2 GB RAM,609,Celulares e Smartphones,4.6,7355,5,Mercado Livre
Samsung Galaxy S23 Ultra Dual SIM 256 GB cream 12 GB RAM,6.799,Celulares e Smartphones,5.0,143,5,Mercado Livre
Samsung Galaxy A32 128 GB preto 4 GB RAM,1.399,Celulares e Smartphones,4.8,95,5,SHOP EV
Samsung Galaxy M13 128 GB azul 4 GB RAM,999,Celulares e Smartphones,4.8,11,5,Mercado Livre
Samsung Galaxy S23 Dual SIM 256 GB verde 8 GB RAM,5.849,Celulares e Smartphones,4.9,130,5,Mercado Livre
Samsung Galaxy S23 Dual SIM 128 GB phantom black 8 GB RAM,5.199,Celulares e Smartphones,4.9,130,5,Mercado Livre
Samsung Galaxy S21 FE 5G (Exynos) 5G Dual SIM 128 GB olive 6 GB RAM,2.149,Celulares e Smartphones,4.7,644,5,Mercado Livre
Samsung Galaxy A04s 64 GB green 4 GB RAM,839,Celulares e Smartphones,4.5,12,5,Mercado Livre
Samsung Galaxy A14 (Exynos) 5G Dual SIM 128 GB light green 4 GB RAM,1.099,Celulares e Smartphones,5.0,5,5,Mercado Livre
Samsung Galaxy A32 Dual SIM 128 GB azul 4 GB RAM,1.399,Celulares e Smartphones,4.6,4629,5,SHOP EV
Apple iPhone 14 Pro Max (256 GB) - Dourado,9.594,Celulares e Smartphones,4.9,139,5,FASTSHOP OFICIAL
Asus ZenFone 9 Dual SIM 256 GB azul 8 GB RAM,5.499,Celulares e Smartphones,4.3,4,5,Fast Shop
 Moto G22 128 GB mint green 4 GB RAM,1.110,Celulares e Smartphones,4.6,658,5,GH3 IMPORT
Realme C35 Dual SIM 128 GB glowing black 4 GB RAM,"1.103,08",Celulares e Smartphones,4.6,145,5,ZOOM_STORE
Apple iPhone 14 Pro (256 GB) - Roxo-profundo,10.499,Celulares e Smartphones,4.9,58,5,FASTSHOP OFICIAL
 Moto G8 Play Dual SIM 32 GB vermelho-magenta 2 GB RAM,"795,29",Celulares e Smartphones,4.6,736,5,MAISBARATOFONE
 Moto G52 Dual SIM 128 GB azul 4 GB RAM,1.129,Celulares e Smartphones,4.7,3790,5,Motorola
Realme C30s Dual SIM 32 GB stripe blue 2 GB RAM,"649,35",Celulares e Smartphones,4.6,14,5,Realme
Positivo Twist 5 S620 Dual SIM 64 GB preto 1 GB RAM,"435,36",Celulares e Smartphones,3.8,5,5,EMANXES
Asus ZenFone 9 Dual SIM 128 GB vermelho 8 GB RAM,"4.399,12",Celulares e Smartphones,4.3,4,5,Asus
Apple iPhone 14 Pro (128 GB) - Dourado,8.199,Celulares e Smartphones,4.9,58,5,LOJA IPLACE
 Moto G8 Dual SIM 64 GB pearl white 4 GB RAM,"1.193,54",Celulares e Smartphones,4.6,127,5,TECMODENA
Samsung Galaxy A03 Dual SIM 64 GB vermelho 4 GB RAM,"993,29",Celulares e Smartphones,4.6,4496,5,SMARTSCAROL
 Moto G42 128 GB azul 4 GB RAM,"1.270,19",Celulares e Smartphones,4.8,12,5,LOJA IEDAMIYASHIRO
Motorola Edge 30 Ultra Dual SIM 256 GB white 12 GB RAM,5.029,Celulares e Smartphones,4.6,12,5,Motorola
Xiaomi Redmi 9A Dual SIM 32 GB cinza 2 GB RAM,739,Celulares e Smartphones,4.5,2890,5,AUTOFLECHA
Apple iPhone 14 Plus (256 GB) - (PRODUCT)RED,8.199,Celulares e Smartphones,5.0,6,5,LOJA IPLACE
"Smartphone Samsung Galaxy A54 5g, 128gb, 8gb Ram, Tela 6.4 ",2.099,Celulares e Smartphones,4.6,5,5,PPSTORE01
 Moto G31 Dual SIM 128 GB grafite 4 GB RAM,1.579,Celulares e Smartphones,4.7,893,5,COMMCENTER
Apple iPhone 14 Pro Max (128 GB) - Dourado,8.759,Celulares e Smartphones,4.9,139,5,FASTSHOP OFICIAL
Apple iPhone 11 (64 GB) - Branco,"4.701,56",Celulares e Smartphones,4.5,2573,5,VATRA STORE.COM.BR
Multilaser E Lite 2 Dual SIM 32 GB dourado 1 GB RAM,"278,10",Celulares e Smartphones,4.2,428,5,COMERCIOELETRONICOSEVARIEDADES
Doogee S88 Plus Dual SIM 128 GB army green 8 GB RAM,"2.655,17",Celulares e Smartphones,4.4,114,5,MEDRANOROSINA20230205155825
Motorola Edge 30 Fusion Dual SIM 256 GB quartz black 8 GB RAM,3.499,Celulares e Smartphones,5.0,5,5,Motorola
Apple iPhone 14 Pro Max (128 GB) - Preto-espacial,9.179,Celulares e Smartphones,4.9,139,5,Iplace
CAT B26 Dual SIM 8 MB preto 8 MB RAM,470,Celulares e Smartphones,4.4,186,5,VBMAX STORE
Xiaomi Redmi Note 11S Dual SIM 128 GB twilight blue 8 GB RAM,"1.334,55",Celulares e Smartphones,4.7,3422,5,PIGA4867747
 Moto G22 Dual SIM 128 GB mint green 4 GB RAM,1.199,Celulares e Smartphones,4.6,4426,5,Motorola
Apple iPhone 14 Pro Max (256 GB) - Prateado,14.480,Celulares e Smartphones,4.9,139,5,VATRA STORE.COM.BR
Moto G8 Plus Dual SIM 64 GB Azul-safira 4 GB RAM,1.245,Celulares e Smartphones,4.8,225,5,TECMODENA
 Moto G22 128 GB cosmic black 4 GB RAM,1.099,Celulares e Smartphones,4.6,658,5,SMARTSCAROL
 iPhone 8 64 GB dourado,"1.335,51",Celulares e Smartphones,4.2,589,5,VIPNOTE2000
Realme C35 Dual SIM 128 GB glowing green 4 GB RAM,"1.167,55",Celulares e Smartphones,4.6,145,4,RENOVALAB
 Moto G32 Dual SIM 128 GB rosa 4 GB RAM,1.149,Celulares e Smartphones,4.9,78,5,Motorola
Samsung Galaxy A51 Dual SIM 128 GB prism crush white 4 GB RAM,"2.179,73",Celulares e Smartphones,4.7,1577,5,Mercado Livre
Apple iPhone 14 Pro Max (128 GB) - Prateado,9.179,Celulares e Smartphones,4.9,139,5,Iplace
Apple iPhone 14 Plus (128 GB) - Azul,7.399,Celulares e Smartphones,5.0,6,5,Iplace
Multilaser G Dual SIM 16 GB preto 1 GB RAM,449,Celulares e Smartphones,4.2,66,5,123 Comprou
Google Pixel 7 Pro 256 GB snow 12 GB RAM,"8.739,05",Celulares e Smartphones,5.0,1,5,DVASHBRASIL
Apple iPhone 11 (64 GB) - (PRODUCT)RED,"4.325,36",Celulares e Smartphones,4.5,2573,5,VATRA STORE.COM.BR
 Moto G53 5G (50 Mpx/8 Mpx) Dual SIM 128 GB rosê 4 GB RAM,1.509,Celulares e Smartphones,5.0,1,5,Mobcom
Positivo Flip P50 Dual SIM 32 MB preto 32 MB RAM,"253,94",Celulares e Smartphones,4.2,187,3,NOGUEIRA ELIZA
Oukitel WP19 Dual SIM 256 GB black 8 GB RAM,"3.790,50",Celulares e Smartphones,5.0,1,5,TERNURA.OLHAR SHOP
 Moto G10 Dual SIM 64 GB aurora grey 4 GB RAM,"1.393,18",Celulares e Smartphones,4.7,797,5,SMARTSCAROL
Asus ROG Phone 6 Dual SIM 256 GB storm white 8 GB RAM,"6.159,12",Celulares e Smartphones,5.0,1,5,Asus
Apple iPhone 14 Plus (512 GB) - Roxo,9.899,Celulares e Smartphones,5.0,6,5,LOJA IPLACE
Xiaomi Redmi Note 9 Dual SIM 64 GB forest green 3 GB RAM,1.235,Celulares e Smartphones,4.6,3842,5,MGJARDIM
Xiaomi Redmi Note 11 Pro 5G (Snapdragon) Dual SIM 128 GB polar white 8 GB RAM,"2.279,05",Celulares e Smartphones,4.7,196,5,VITT_JS
 Moto G52 128 GB porcelain white 4 GB RAM,"1.415,49",Celulares e Smartphones,4.8,8,5,LOJA IEDAMIYASHIRO
"Notebook Samsung Intel Core I5-1135g7 8gb 256gb Ssd W11 15,6  Np550xda-kh2br - Cinza Chumbo","3.119,42",Notebooks,4.8,547,5,Mercado Livre
"Notebook Lenovo Ideapad 3 R5 8gb 256gb Ssd 15,6'' W11",2.989,Notebooks,4.9,32,5,123 Comprou
Notebook Acer Aspire 5 A514-54-52TY I5 8gb 256gb 14'' W11,3.199,Notebooks,4.9,408,5,Mercado Livre
"Notebook Lenovo IdeaPad 15ITL6  arctic grey 15.6"", Intel Core i5 1135G7  8GB de RAM 256GB SSD, Intel Iris Xe Graphics G7 80EUs 1920x1080px Windows 11 Home",3.099,Notebooks,4.7,367,5,Mercado Livre
"Notebook Asus X515MA cinza 15.6"", Intel Celeron N4020  4GB de RAM 128GB SSD, Intel UHD Graphics 600 1366x768px Linux Endless",1.493,Notebooks,4.7,148,5,Asus
Notebook Dell Inspiron I15-i1100-a10pf Pg 4gb 128gb W11 365,2.599,Notebooks,4.4,89,5,2Eletro
"Notebook Acer Aspire 3 Intel Celeron N4020, 4gb Ram, Ssd 128gb Nvme, Tela 15,6', Intel Uhd Graphic 600, Windows 11 Home, Preto, A315-34-c9wh","2.699,90",Notebooks,4.6,563,3,MIZON.COM.BR
"Notebook gamer Acer Aspire Nitro 5 AN517-54 preta e vermelha 17.3"", Intel Core i5 11400H  8GB de RAM 512GB SSD, NVIDIA GeForce GTX 1650 144 Hz 1920x1080px Linux Gutta",4.399,Notebooks,4.8,44,5,Acer Brasil
"Notebook Multilaser PC271 preta 14.1"", Intel Celeron N4020  4GB de RAM 64GB SSD, Intel UHD Graphics 600 1366x768px Windows 11 Home",1.099,Notebooks,4.7,64,5,KILLECOMMERCE
"Notebook Compaq Presario 438 I3 4gb 120gb Ssd 14,1"" Linux",1.659,Notebooks,4.3,19,5,Compaq
Notebook Lenovo Ideapad 3i I3-1115g4 4gb 256gb Ssd W11 15.6,2.699,Notebooks,4.7,326,5,VIKING
"Notebook Positivo Motion C4500Di cinza-oscura 14"", Intel Celeron 4GB de RAM 500GB HDD, Intel Graphics 1366x768px Linux",1.249,Notebooks,5.0,1,5,Positivo
"Notebook Samsung Intel Celeron-6305 Np550xda-kp3br 4gb 256gb Ssd Tela 15,6  Windows 11 - Cinza Chumbo","1.967,62",Notebooks,4.6,548,5,Mercado Livre
"Notebook Samsung Intel Celeron-6305 Np550xda-kp3br 4gb 256gb Ssd Tela 15,6  Windows 11 - Cinza Chumbo","1.967,62",Notebooks,4.6,548,5,Mercado Livre
"Notebook Acer Aspire 5 A514-54 safari gold 14"", Intel Core i5 1135G7  8GB de RAM 512GB SSD, Intel Iris Xe Graphics G7 80EUs 60 Hz 1920x1080px Windows 11 Home",3.299,Notebooks,4.7,34,5,Acer Brasil
"Notebook gamer Acer Aspire Nitro 5 AN517-52 preta e vermelha 17.3"", Intel Core i5 10300H  8GB de RAM 512GB SSD, NVIDIA GeForce GTX 1650 144 Hz 1920x1080px Windows 11 Home",4.899,Notebooks,4.8,105,5,Acer Brasil
Samsung Galaxy A04e Dual SIM 64 GB black 3 GB RAM,771,Celulares e Smartphones,4.7,1915,5,Mega Mamute
Galaxy S21 Fe 256gb 8gb Ram Preto,4.499,Celulares e Smartphones,5.0,1,5,Mercado Livre
Galaxy S21 Fe 256gb 8gb Ram Preto,2.349,Celulares e Smartphones,5.0,1,5,Mercado Livre
Samsung Galaxy A22 Dual SIM 128 GB branco 4 GB RAM,1.139,Celulares e Smartphones,4.7,4336,5,VIKING
 Moto E22 Dual SIM 64 GB azul 4 GB RAM,847,Celulares e Smartphones,4.7,798,5,Mega Mamute
Samsung Galaxy S22 (Snapdragon) Dual SIM 128 GB green 8 GB RAM,3.149,Celulares e Smartphones,4.8,667,5,Mercado Livre
Multilaser G Max 2 (8 Mpx) Dual SIM 64 GB preto 2 GB RAM,499,Celulares e Smartphones,4.3,302,5,KILLECOMMERCE
Philco Hit P8 Dual SIM 64 GB dark blue 3 GB RAM,599,Celulares e Smartphones,3.4,1501,5,123 Comprou
Samsung Galaxy S23 Dual SIM 128 GB creme 8 GB RAM,5.199,Celulares e Smartphones,4.9,130,5,Mercado Livre
Samsung Galaxy S21 FE 5G (Exynos) 128 GB white 6 GB RAM,2.149,Celulares e Smartphones,4.6,366,5,Mercado Livre
 Moto G23 Dual SIM 128 GB grafite 4 GB RAM,1.229,Celulares e Smartphones,4.9,57,5,Mercado Livre
Samsung Galaxy S21 Fe 6gb 5g 128gb Branco Excelente -,2.099,Celulares e Smartphones,4.6,23,5,Mercado Livre
Apple iPhone 14 Pro Max (512 GB) - Preto-espacial,11.268,Celulares e Smartphones,4.9,139,5,FASTSHOP OFICIAL
Motorola Edge 30 Fusion 256 GB quartz black 8 GB RAM,3.049,Celulares e Smartphones,4.9,61,5,Mobcom
Xiaomi Redmi 9T Dual SIM 128 GB cinza 4 GB RAM,"1.296,75",Celulares e Smartphones,4.6,656,5,MZ ELETRO
Apple iPhone 13 (256 GB) - Meia-noite,5.599,Celulares e Smartphones,4.9,683,5,Iplace
Apple iPhone 14 Pro (128 GB) - Roxo-profundo,8.199,Celulares e Smartphones,4.9,58,5,Iplace
Motorola Edge 30 Ultra 256 GB black 12 GB RAM,4.589,Celulares e Smartphones,4.8,6,5,Motorola
Samsung Galaxy A03 Dual SIM 64 GB azul 4 GB RAM,"992,21",Celulares e Smartphones,4.6,4496,5,VICCO TECNOLOGIA
Smartphone Moto E22 2gb Ram 32gb Tela 6.5 Grafite Motorola,969,Celulares e Smartphones,4.7,1114,5,COMMCENTER
Positivo Twist 4 Mini S432 Dual SIM 16 GB grafite 1 GB RAM,310,Celulares e Smartphones,3.8,235,5,EMANXES
Xiaomi Redmi Note 9 Dual SIM 64 GB midnight grey 3 GB RAM,"1.081,10",Celulares e Smartphones,4.6,3842,5,MGJARDIM
Asus ZenFone 9 Dual SIM 128 GB preto 8 GB RAM,"4.399,12",Celulares e Smartphones,4.3,4,5,Asus
TCL L10 Lite Dual SIM 32 GB power grey 2 GB RAM,689,Celulares e Smartphones,4.4,188,5,Maxx Na Sua Casa
Xiaomi Redmi 10A Dual SIM 64 GB prata 4 GB RAM,"1.126,70",Celulares e Smartphones,4.6,1158,5,JSR.VENDAS
Samsung Galaxy S23 Plus Dual SIM 512 GB preto 8 GB RAM,"6.395,40",Celulares e Smartphones,4.8,65,5,LOJA IEDAMIYASHIRO
Semp GO! 3c Plus Dual SIM 8 GB preto 1 GB RAM,"311,60",Celulares e Smartphones,4.2,28,3,RPSILVA_LK
Notebook Vaio Fe15 15.6'' Hd I3-10110u  4gb Ssd 256gb Vjfe52f11x-b5121h Windows 11 Home Chumbo Escuro,2.149,Notebooks,4.9,13,5,VIKING
"Notebook Acer Aspire 3 A314-35 pure silver 14"", Intel Celeron N4500  4GB de RAM 128GB SSD, Intel UHD Graphics (Jasper Lake 16 EU) 1920x1080px Windows 11 Home",1.789,Notebooks,4.6,118,5,VIKING
"Notebook Lenovo Ideapad 3 R5 8gb 256gb Ssd 15,6'' Linux",2.789,Notebooks,4.8,483,5,INPOWER
"Notebook Acer A315-58-38sd I3 4gb 256gb Ssd 15,6'' W11",2.499,Notebooks,4.7,295,5,Mercado Livre
"Notebook Acer Aspire 5 A515-45 prata 15.6"", AMD Ryzen 7 5700U  8GB de RAM 256GB SSD, AMD Radeon RX Vega 8 (Ryzen 4000/5000) 60 Hz 1920x1080px Linux Gutta",3.249,Notebooks,4.9,53,5,123 Comprou
"Notebook Multilaser M11W Prime PC280 prateada táctil 11.6"", Intel Celeron N4020  4GB de RAM 64GB SSD, Intel UHD Graphics 600 1366x768px Windows 11 Home",1.299,Notebooks,4.5,133,5,INPOWER
"Notebook Samsung Book NP550XDA  cinza 15.6"", Intel Celeron 6305  4GB de RAM 500GB HDD, Intel UHD Graphics Xe G4 48EUs 1920x1080px Windows 11",1.829,Notebooks,3.4,158,5,2Eletro
"Notebook Acer 5 15,6'' I7 8gb 512g Ssd An515-57-740k",5.049,Notebooks,5.0,2,5,2Eletro
"Notebook Asus E510MA rose gold 15.6"", Intel Celeron N4020  4GB de RAM 128GB SSD, Intel UHD Graphics 600 1366x768px Windows 11 Pro","1.803,10",Notebooks,4.8,113,5,Asus
Notebook Dell Inspiron Intel Core I5-1135g7 8gb 256gb Ssd Tela 15.6 Fullhd Windows 11 I15-i1100-a35p,3.699,Notebooks,4.8,6,5,2Eletro
Notebook Acer Aspire 3 A314-35-c1w1 Celeron 4gb 128gb Sdd,1.719,Notebooks,5.0,18,5,INPOWER
"Notebook Positivo Motion C464g-14 existential gray 14.1"", Intel Celeron 4GB de RAM 64GB SSD 1366x768px Windows 11 Home","1.392,23",Notebooks,5.0,2,5,Mercado Livre
Notebook Asus E410ma-bv1871x Celeron 4gb 128gb Ssd 14'' W11,1.799,Notebooks,4.4,39,5,INPOWER
"Notebook Acer An515-57-52lc I5 8gb 512gb Ssd 15,6'' W11",4.749,Notebooks,4.9,45,5,INPOWER
"Notebook Compaq Presario 452 cinza 14.1"", Intel Core i5 6287U  8GB de RAM 1TB HDD, Intel Iris Graphics 550 1366x768px Linux Debian 10",2.199,Notebooks,4.8,16,5,Compaq
"Notebook Asus X515JA cinza 15.6"", Intel Core i3 1005G1  4GB de RAM 256GB SSD, Intel UHD Graphics G1 (Ice Lake 32 EU) 1366x768px Linux Endless",2.095,Notebooks,4.7,379,5,Asus
"Notebook Lenovo Ideapad 3i Celeron 4gb 128gb Ssd 15,6'' W11",2.049,Notebooks,4.7,742,5,Mobcom
"Notebook Samsung NP550XDA branca 15.6"", Intel Celeron 6305  4GB de RAM 500GB HDD, Intel UHD Graphics Xe G4 48EUs 1920x1080px Windows 11 Home",1.779,Notebooks,3.6,9,5,2Eletro
"Apple Macbook Air (13 polegadas, 2020, Chip M1, 256 GB de SSD, 8 GB de RAM) - Cinza-espacial","6.599,12",Notebooks,4.9,664,5,AI2COMERCIO
Notebook Acer Aspire 5 A515-54 8gb 512gb Linux 15.6 Prata,3.308,Notebooks,4.8,13,5,Mobcom
Notebook Dell Latitude 5490 Core I5 8th 16gb Ram 256gb Ssdm,3.999,Notebooks,4.1,83,5,LFJR INFO
"Notebook HP EliteBook 840 G3 prata 14"", Intel Core i5 6300u  8GB de RAM 256GB SSD, Intel HD Graphics 520 1366x768px Windows 10 Pro","2.111,12",Notebooks,4.1,10,5,REDLESS
"Notebook Positivo Motion C41TEi existential gray 14.1"", Intel Celeron N3350  4GB de RAM 1TB HDD, Intel HD Graphics 500 1366x768px Linux Debian 10",1.559,Notebooks,4.2,18,5,Positivo
"Notebook Multilaser Ultra Intel Core I3 4gb 1tb 14,1'' Ub421","2.639,91",Notebooks,5.0,2,5,O Pescador de Ofertas
"Apple MacBook Pro (16 pulgadas, Chip M1 Pro de Apple con CPU de 10 núcleos, GPU de 16 núcleos, 16 GB RAM, 512 GB SSD) - prateado","16.631,12",Notebooks,5.0,2,5,DVASHBRASIL
"Notebook Lenovo IdeaPad 15IML05  platinum gray 15.6"", Intel Core i5 10210U  8GB de RAM 256GB SSD, Intel UHD Graphics 620 1366x768px Windows 11 Home","3.804,30",Notebooks,4.7,732,5,GENTELINI MAGAZINE
"Notebook Positivo Motion Q464C vermelha 14.1"", Intel Atom Z8350  4GB de RAM 64GB SSD, Intel HD Graphics (Cherry Trail) 1366x768px Windows 10 Home","1.398,25",Notebooks,3.9,874,5,BLUMIE2017
"Notebook Asus E510ma-br701x Celeron 4g 128gb 15,6'' Azul",1.900,Notebooks,4.2,5,5,Webfones
Notebook Lenovo Chromebook Ideapad 3 11igl05 Celeron N4020,"1.539,12",Notebooks,4.3,21,5,AI2COMERCIO
"Notebook Positivo Motion Q464C cinza 14.1"", Intel Atom Z8350  4GB de RAM 64GB SSD, Intel HD Graphics (Cherry Trail) 1366x768px Windows 10 Home","1.495,91",Notebooks,3.9,874,5,NEW DIGIT
"Apple MacBook Pro (14 pulgadas, Chip M1 Max de Apple con CPU de 10 núcleos,, 32 GB RAM, 512 GB SSD) - space gray","22.175,43",Notebooks,5.0,20,5,DVASHBRASIL
"Notebook Lenovo IdeaPad 3i prata 15.6"", Intel Core i5 10210U  8GB de RAM 256GB SSD, Intel UHD Graphics 620 1366x768px Windows 11 Home",4.450,Notebooks,4.7,742,5,Mobcom
"Notebook Multilaser Ultra UB235 preta 14.1"", AMD Celeron N4020  4GB de RAM 120GB SSD, Intel UHD Graphics 600 1366x768px Windows 11 Home","1.671,12",Notebooks,4.2,132,5,SMARTSCAROL
"Apple MacBook Pro (16 polegadas, Chip M1 Pro da Apple com CPU de 10 núcleos,, 16 GB RAM, 1 TB SSD) - Cinza-espacial",18.900,Notebooks,5.0,2,5,EMPÓRIO_NOS_3
"Notebook Dell Latitude 3420 preta 14"", Intel Core i3 1115G4  4GB de RAM 500TB HDD, Intel UHD Graphics Xe G4 48EUs 60 Hz 1366x768px Windows 10 Pro","3.125,50",Notebooks,3.5,8,5,INFORMÁTICA DC
Notebook Compaq Presario 433 Intel® Core I3 Linux 4gb 1tb  Cinza,1.599,Notebooks,4.5,2,5,Compaq
"Notebook Positivo Motion C4120F existential gray 14"", Intel Celeron 4GB de RAM 120GB SSD, Intel Graphics 1366x768px Windows 11 Home","1.583,12",Notebooks,4.0,8,5,NEW DIGIT
"Notebook Asus VivoBook E410MA azul-eléctrica táctil 14"", Intel Celeron N4020  4GB de RAM 128GB SSD, Intel UHD Graphics 600 60 Hz 1366x768px Windows 10 Home","1.709,10",Notebooks,4.6,70,5,ENGAGE OUTLET
"Notebook Acer Aspire 3 A315-56 cinza 15.6"", Intel Core i3 1005G1  4GB de RAM 256GB SSD, Intel UHD Graphics G1 60 Hz 1920x1080px Windows 10 Home","3.486,50",Notebooks,4.7,62,5,BRUDERTEC
"Notebook Multilaser Legacy Book PC311 preta 14"", Intel Pentium J3710  4GB de RAM 64GB SSD, Intel HD Graphics 405 1366x768px Windows 10 Home","1.214,40",Notebooks,5.0,1,5,NEW DIGIT
"Notebook Lenovo Ideapad 3 82mfs Amd Ryzen 5 5500u 15,6  12gb Ssd 256 Gb Linux","3.599,10",Notebooks,4.9,128,5,SMARTSCAROL
"Notebook Positivo Motion Plus Q464B vermelha 14"", Intel Atom 4GB de RAM 64GB SSD, Intel HD Graphics 1366x768px Windows 10 Home","2.315,84",Notebooks,3.5,21,4,FIDCOMERCIOEXTERIOREIRELI
Notebook Acer Aspire 5 A515-56g-519a Intel Core I5 11ª Gen Windows 11 Home Mx350 8gb 256gb Sdd 15.6,4.199,Notebooks,4.8,23,4,Belmicro
Fone de ouvido on-ear sem fio JBL Tune 510BT JBLT510BT Som JBL Pure Bass preto,219,Fones de Ouvido,4.8,8613,5,Mercado Livre
Fone de ouvido over-ear AKG K72 black,"307,23",Fones de Ouvido,4.8,426,5,BIGBEAVER
Fone de ouvido over-ear gamer sem fio Logitech Pro X Wireless preto,"1.139,05",Fones,5.0,4,5,BIGTECHINFO
Fone de ouvido over-ear sem fio JBL Tune 710BT preto,339,Fones de Ouvido,4.7,922,5,VIKING
Galaxy Buds 2 Pro Branco Samsung,849,Fones de Ouvido,4.9,8,5,Mercado Livre
Fone de ouvido over-ear gamer Havit H2002d black,219,Fones,4.8,1163,5,BLK ARROW
Fone de ouvido in-ear sem fio Samsung Galaxy Buds2 SM-R177 x 1 unidades branco,399,Fones de Ouvido,4.8,874,5,Mercado Livre
Fone de ouvido in-ear sem fio QCY T1C branco,"105,30",Fones e Kits Viva Voz,4.6,13519,5,QCY
Fone de ouvido in-ear gamer sem fio Samsung Galaxy Buds2 Pro SM-R510 x 1 unidades bora purple,839,Fones de Ouvido,4.8,139,5,Mercado Livre
Fone de ouvido in-ear sem fio QCY True Wireless Earbuds T13 preto,"166,50",Fones e Kits Viva Voz,4.8,3316,5,QCY
Samsung Galaxy M13 Dual SIM 128 GB verde 4 GB RAM,999,Celulares e Smartphones,4.7,5390,5,Mercado Livre
Samsung Galaxy A34 5G 128 GB prateado 6 GB RAM,1.659,Celulares e Smartphones,4.9,10,5,Mercado Livre
Samsung Galaxy M13 Dual SIM 128 GB azul 4 GB RAM,1.699,Celulares e Smartphones,4.7,5390,5,Mercado Livre
 Moto E22 Dual SIM 64 GB azul 4 GB RAM,1.279,Celulares e Smartphones,4.7,1114,5,Mercado Livre
Samsung Galaxy S23 Dual SIM 128 GB phantom black 8 GB RAM,5.199,Celulares e Smartphones,4.9,130,5,Mercado Livre
Samsung Galaxy S23 256gb 5g Processador Snapdragon 8 Creme 8gb RAM,5.849,Celulares e Smartphones,4.9,130,5,Mercado Livre
Samsung Galaxy Z Flip4 5G 128 GB preto 8 GB RAM,4.599,Celulares e Smartphones,4.5,19,5,Mercado Livre
Motorola E22 32 GB preto 3 GB RAM,"889,99",Celulares e Smartphones,4.7,3,5,Loi Brasil
Apple iPhone 14 Plus (128 GB) - (PRODUCT)RED,7.176,Celulares e Smartphones,5.0,6,5,FASTSHOP OFICIAL
 Moto E32 64 GB cinza 4 GB RAM,1.099,Celulares e Smartphones,4.7,343,5,SMARTSCAROL
Samsung Galaxy Galaxy M53 5G Dual SIM 128 GB verde 8 GB RAM,"2.249,25",Celulares e Smartphones,4.7,4012,5,SMARTSCAROL
Apple iPhone 14 Pro Max (256 GB) - Roxo-profundo,9.899,Celulares e Smartphones,4.9,139,5,LOJA IPLACE
Smartphone Nokia C20 32gb Azul,635,Celulares e Smartphones,4.2,78,5,Maxx Na Sua Casa
Samsung Galaxy S20 FE 5G 5G Dual SIM 128 GB cloud red 6 GB RAM,2.339,Celulares e Smartphones,4.8,2281,5,Mobcom
Apple iPhone 14 (512 GB) - Meia-noite,8.599,Celulares e Smartphones,4.8,55,5,Iplace
"Notebook Acer A315-58-573p I5 8gb 256gb Ssd 15,6'' W11",3.099,Notebooks,4.7,753,5,Mercado Livre
"Notebook Legacy Cloud Win 10 Home 4gb 64gb 14,1 Pol Hd Pc137",949,Notebooks,5.0,7,5,INPOWER
"Notebook Asus X515ja-br2750w I3 4gb 256gb Ssd 15,6'' W11",2.199,Notebooks,4.7,379,5,123 Comprou
"Notebook Positivo Motion C4500Di cinza-oscura 14"", Intel Celeron 4GB de RAM 500GB HDD, Intel Graphics 1366x768px Linux",1.249,Notebooks,5.0,1,5,Positivo
"Notebook Asus X515ja-ej1792 I5 8gb 256gb Ssd 15,6"" Linux",2.999,Notebooks,4.7,379,5,Mercado Livre
Notebook Gamer Acer Nitro 5 15.6 Fhd 144hz Ryzen 5 5600h Ssd 512gb 8gb Gtx 1650 4gb Windows 11 Home Preto - An515-45-r91a,4.899,Notebooks,5.0,3,5,INPOWER
"Notebook Compaq Presario 420 Pentium 4gb 120gb Ssd 14,1' W10",1.279,Notebooks,4.4,17,5,2Eletro
"Notebook Positivo Motion C4128Ei existential gray 14.1"", Intel Celeron N3350  4GB de RAM 128GB SSD, Intel HD Graphics 500 1366x768px Linux",1.398,Notebooks,3.9,15,5,INPOWER
"Notebook Asus X515ma-br765 Intel Celeron Dual Core N4020 4gb Ram 256gb Ssd Linux Endless Os Tela 15,60 Led-backlit Anti-glare Hd ","1.718,10",Notebooks,4.8,13,5,Asus
Notebook X515ja-ej1792w 256 Gb 8 Gb Ram Core I5 Cinza Asus,"3.783,12",Notebooks,4.7,182,5,SMARTSCAROL
"Notebook Positivo Master N40i cinza-oscura 14"", Intel Celeron N3010  4GB de RAM 32GB SSD, Intel HD Graphics 400 1366x768px Windows 10 Pro","1.379,08",Notebooks,3.0,66,5,FBSHOP SM
"Notebook Samsung Book NP550XDA  branca 15.6"", Intel Celeron 5205U  4GB de RAM 500GB HDD, Intel Graphics UHD 620 1366x768px Windows 10 Home",2.820,Notebooks,3.4,158,5,ENGAGE OUTLET
"Notebook Lenovo IdeaPad 3i prata 15.6"", Intel Celeron N4020  4GB de RAM 128GB SSD, Intel UHD Graphics 600 1366x768px Linux",2.179,Notebooks,4.7,742,5,Mobcom
"Notebook Asus X543MA cinza 15.6"", Intel Celeron N4000  4GB de RAM 500GB HDD, Intel UHD Graphics 600 1366x768px Windows 10 Home",1.815,Notebooks,3.4,280,4,SHOPFUSIONCOMERCIO
"Apple MacBook Pro (16 pulgadas, Chip M1 Max de Apple con CPU de 10 núcleos, GPU de 32 núcleos, 32 GB RAM, 1 TB SSD) - cinza-espacial","24.630,32",Notebooks,5.0,2,5,DVASHBRASIL
"Notebook gamer Acer Predator Helios 300 PH315-53 preta 15.6"", Intel Core i7 10750H  16GB de RAM 512GB SSD, NVIDIA GeForce RTX 2060 144 Hz 1920x1080px Windows 10 Home","9.063,12",Notebooks,4.9,36,4,LIESCHCOMERCIOEINFORMATICA
Fone De Ouvido In-ear Sem Fio Qcy T17 Preto,136,Fones e Kits Viva Voz,4.7,1291,5,QCY
Fone de ouvido in-ear sem fio JBL Endurance Race JBLENDURACE x 1 unidades coral,424,Fones de Ouvido,4.6,105,5,Mercado Livre
Headset Gamer Razer Kraken X For Console P2 / P3 - Green,239,Fones,4.6,22,5,BLK ARROW
Fone de ouvido in-ear sem fio Baseus W04 Pro black,"203,40",Fones e Kits Viva Voz,4.4,489,5,Baseus
Fone de ouvido over-ear gamer Razer Kraken X Lite black,197,Fones,4.6,445,5,Felicity Games
Fone de ouvido over-ear gamer Onikuma K5 camou grey com luz LED,"116,99",Fones,4.7,609,5,HYPED ELETRONICOS
Headset over-ear gamer HyperX Cloud Stinger HX-HSCSS preto,249,Fones,4.8,29,5,Digital ProShop
Fone de ouvido over-ear sem fio Edifier W800BT Plus branco,"313,17",Fones de Ouvido,4.8,286,5,KMOURASHOP
"Xiaomi Tws Airdots Fones De Ouvido,fones De Ouvido Sem Fio","35,05",Fones e Kits Viva Voz,4.5,18,5,ESTAÇÃODECOR
Fone De Ouvido Gamer Sem Fio Bluetooth Wireles 5.3 Microfone,"61,20",Fones,4.8,76,5,TECHSTORE MERCADO
Fone de ouvido in-ear JBL Tune 110 JBLT110 x 1 unidades white,"31,52",Fones de Ouvido,4.7,3830,5,FÁBRICA SHOPPER
Fone De Ouvido Lenovo Xt95 Pro - Bluetooth,"125,91",Fones e Kits Viva Voz,4.7,9,5,CASMIMPORTS
Fone de ouvido in-ear sem fio F9-5 preto,"49,42",Fones e Kits Viva Voz,4.4,5380,5,THAFEIMPORTS
Fone De Ouvido Lenovo Gm2 Pro Gamer Music Bluetooth 5.3,"102,51",Fones e Kits Viva Voz,4.8,472,5,CAS_PORTS
Lenovo LP40 Pro Fone De Ouvido Bluetooth Sem Fio Com Microfone,"97,11",Fones e Kits Viva Voz,4.4,1742,5,VIASHOP CONCEPT
Fone de ouvido in-ear JBL Tune 110 JBLT110 x 1 unidades black,"33,15",Fones de Ouvido,4.7,3830,5,FÁBRICA SHOPPER
Fone de ouvido in-ear Sony EX Series MDR-EX15AP preto,"89,10",Fones de Ouvido,4.1,49,5,BFZ SHOP
Fone de ouvido in-ear sem fio F9-5 branco,"53,99",Fones e Kits Viva Voz,4.4,5380,5,AIOBH PHONES
Fone de ouvido over-ear sem fio Sony 1000X Series WH-1000XM4 black,"2.069,10",Fones de Ouvido,4.9,103,5,AI2COMERCIO
Fone Mini De Ouvido TWS-Y30 Bluetooth S/ Fio Intra Auricular,"45,54",Fones e Kits Viva Voz,3.8,29,5,GOUVEIASILVA20221206190030
Fone de ouvido over-ear AKG K52 matte black,"349,30",Fones de Ouvido,4.8,413,5,IMPORMUSICA
Fone Gamer Sem Fio Logitech G535 Preto Lightspeed 981-000971,"692,90",Fones,5.0,9,5,NLISBOA ELETRONICOS
Fone de ouvido in-ear gamer sem fio Tranya T20 preto,"146,99",Fones de Ouvido,4.6,177,5,DAG STORE
Fone de ouvido in-ear gamer sem fio Tranya T20 preto,"146,99",Fones de Ouvido,4.6,177,5,DAG STORE
Fone de ouvido over-ear Arcano ARC-SHP300 preto e prateado,"269,99",Fones de Ouvido,4.8,237,5,AUDIO-DISCOVERY
Headset Blackwire C3220 Usb - Plantronics,229,Fones,4.8,73,5,2Eletro
Fone de ouvido over-ear gamer sem fio Edifier W820NB EDF200046 preto,"404,91",Fones de Ouvido,4.9,138,5,UNIVERSOGEEKBR
Fone de ouvido over-ear sem fio Philco Highbeat PFO06BT azul,"170,10",Fones de Ouvido,4.8,170,5,PREVILEGE CENTER
Fone de ouvido over-ear gamer Onikuma K1-B camouflage yellow,72,Fones e Kits Viva Voz,4.7,5717,5,8 Oitava Mall
Headset Gamer Sem Fio Quantum 350 Para Pc Drivers 40mm Jbl,"566,39",Fones,4.8,12,5,Mercado Livre
Fone de ouvido in-ear gamer sem fio Edifier W100T EDF200081 branco,"195,77",Fones de Ouvido,4.7,57,5,KMOURASHOP
Fone De Ouvido Esportivo Sem Fio Bluetooth Weireless Tws200,"125,72",Fones de Ouvido,4.3,28,5,C.M ACESSORIOS
Fone de ouvido over-ear Beyerdynamic DT 990 Pro black e gray,"1.565,10",Fones de Ouvido,4.7,13,5,TECNOMUSIC FRANCA
Fone de ouvido over-ear gamer sem fio PlayStation Pulse 3D CFI-ZWH1 preto,"573,30",Fones de Ouvido,4.9,702,5,CGCENTERGAMES.COM
Fone de ouvido over-ear sem fio JBL Tune 760NC black,"697,41",Fones de Ouvido,4.5,68,5,EPALACE
Headset over-ear gamer HyperX Cloud Core KHX-HSCC preto e vermelho,529,Fones,4.6,36,5,Digital ProShop
Fone De Ouvido Kz Edx Pro Transparente Sem Microfone Cor Transparente,129,Fones de Ouvido,4.8,75,5,ZUNFRILLI EQUIPAMENTOS
Fone De Ouvido Bluetooth Waaw By Alok Sense 200hb Microfone,"234,90",Fones de Ouvido,4.7,38,5,123 Comprou
Headset Gamer Havit H2233d  P2 Rgb (usb) 50mm Pink Cat Rosa,"133,99",Fones,4.7,34,5,HAVIT OFICIAL
Fone de ouvido on-ear sem fio Philips 2000 Series TAUH202 preto,"295,14",Fones de Ouvido,4.7,1322,5,EPALACE
Fone de ouvido over-ear gamer sem fio Logitech G Series G435 azul e framboesa,"661,44",Fones de Ouvido,4.7,47,5,INPOWER
Headset Fone Dj Oneodio A71 Black Profissional,"224,99",Fones de Ouvido,4.0,2,5,TURUM E-COMMERCE
Fone Qcy T20 Bluetooth 5.3 Cancelamento Enc E Modo Game,"205,20",Fones de Ouvido,4.7,114,5,QCY
Fone de ouvido over-ear sem fio Sony WH-XB910N preto,"1.439,10",Fones de Ouvido,4.7,7,5,AI2COMERCIO
Razer Kaira Pro Wireless Xbox Series X|s Preto,1.499,Fones,5.0,6,5,RHA TECH
Fone de ouvido over-ear gamer Onikuma K8 branco com luz  rgb LED,"107,10",Fones,4.7,1563,5,ESTONE NOVO
Headset Gamer Fortrek Blackhawk Preto Com Luz Led,"98,91",Fones,4.8,12,5,SANTAEFIGENIAELETRO
Fone de ouvido in-ear gamer sem fio Samsung Galaxy Buds2 Pro SM-R510 x 1 unidades graphite,"878,89",Fones de Ouvido,4.8,139,5,LOJADARAFINHA
"Headset Astro Gaming A10 Ps, Xbox, Pc, Mac- Preto/azul Preto",259,Fones de Ouvido,4.8,50,5,INPOWER
Samsung Galaxy A22 Dual SIM 128 GB preto 4 GB RAM,1.139,Celulares e Smartphones,4.7,4339,5,VIKING
 Moto G52 Dual SIM 128 GB porcelain white 4 GB RAM,1.129,Celulares e Smartphones,4.7,3790,5,Mercado Livre
Motorola Edge Edge 30 Neo Dual SIM 256 GB ice palace 8 GB RAM,2.319,Celulares e Smartphones,4.6,105,5,Mobcom
Apple iPhone 14 Plus (512 GB) - Azul,9.899,Celulares e Smartphones,5.0,6,5,LOJA IPLACE
Apple iPhone 14 (512 GB) - Azul,8.599,Celulares e Smartphones,4.8,55,5,Iplace
Apple iPhone 13 (128 GB) - Meia-noite,5.009,Celulares e Smartphones,4.9,683,5,Mobcom
Apple iPhone 13 (512 GB) - Meia-noite,7.199,Celulares e Smartphones,4.9,683,5,Iplace
Apple iPhone 12 Pro (512 GB) - Prateado,10.299,Celulares e Smartphones,4.4,39,5,Iplace
Apple iPhone 14 (256 GB) - Azul,6.892,Celulares e Smartphones,4.8,55,5,FASTSHOP OFICIAL
"Notebook Acer A315-34-c2bv Celeron 4gb 128gb Ssd 15,6"" W11",3.165,Notebooks,4.7,789,5,VIKING
"Notebook Asus X515MA cinza 15.6"", Intel Celeron N4020  4GB de RAM 128GB SSD, Intel UHD Graphics 600 1366x768px Windows 11 Pro","1.569,10",Notebooks,4.7,148,5,Asus
Notebook Lenovo V15 15.6 Hd I3-10 Ssd 256gb 4gb Freedos Cinza,2.199,Notebooks,4.4,15,5,INPOWER
"Notebook Multilaser Legacy Book 14,1'' 64gb Celeron 4gb Win11 Home Microsoft 365 Personal Preto - Pc270",1.499,Notebooks,4.5,12,5,INPOWER
Notebook Positivo Dual Core 4gb Hdmi Webcam - Mais Barato,"1.399,20",Notebooks,5.0,2,5,FBSHOP SM
"Notebook Lenovo IdeaPad Flex 5i grafite táctil 14"", Intel Core i7 1065G7  8GB de RAM 256GB SSD, Intel UHD Graphics 1920x1080px Windows 10 Home",5.748,Notebooks,4.4,7,5,Mobcom
Notebook Acer A515-54g-59kv I5 8gb 256ssd W10h Full Hd 15.6,3.705,Notebooks,5.0,2,5,Mobcom
Fone de ouvido on-ear sem fio JBL Tune 510BT JBLT510BT x 1 unidades azul,219,Fones de Ouvido,4.8,8617,5,Mercado Livre
Fone De Ouvido Gamer Headset Havit H2015d Pc/xbox/ps4/ps5,169,Fones,4.8,31,5,BLK ARROW
Fone de ouvido over-ear gamer Razer Kraken X Lite black,197,Fones,4.6,445,5,Felicity Games
Fone de ouvido in-ear sem fio Baseus W04 branco,"170,90",Fones e Kits Viva Voz,4.4,908,5,Baseus
Fone Qcy T17 Bluetooth 5.1 Modo Game E Cancelamento De Ruído,"122,40",Fones e Kits Viva Voz,4.7,1291,5,QCY
Fone de ouvido on-ear Poly Blackwire 3200 Series C3210 USB-A preto,209,Fones de Ouvido,4.9,43,5,2Eletro
Fone Qcy T20 Bluetooth 5.3 Cancelamento Enc E Modo Game Preto,"193,50",Fones e Kits Viva Voz,4.7,17,5,QCY
Fone De Ouvido In-ear KZ ZEX Pro,"170,99",Fones de Ouvido,4.9,12,5,DAG STORE
Fone De Ouvido In-ear Kz Edx Pro,108,Fones de Ouvido,4.8,170,5,WEIMPORTSMG
Headset Gamer 7.1 Hd Wireless Led Mic Celular Pc Xbox Ps4 ,"396,17",Fones,4.6,13,5,Haiz
Fone de ouvido over-ear gamer Redragon Zeus X H510-RGB rosa com luz  rgb,"288,89",Fones de Ouvido,4.7,458,5,YOUGAME JOGOS_INFORMATICA
Fone de ouvido on-ear AKG K414 P preto,"182,98",Fones de Ouvido,4.8,1368,5,Shop Prático
Fone de ouvido over-ear sem fio JBL Tune 760NC black,"697,41",Fones de Ouvido,4.5,68,5,EPALACE
Fone de ouvido over-ear sem fio Edifier W800BT branco,"309,57",Fones de Ouvido,4.7,698,5,KMOURASHOP
Fone de ouvido in-ear sem fio Lenovo LivePods LP40 Pro x 1 unidades preto,"98,10",Fones e Kits Viva Voz,4.4,1742,5,CECI ACESSÓRIOS
Fone de ouvido over-ear Beyerdynamic DT 770 Pro 250 Ohm preto e cinza,"1.438,20",Fones de Ouvido,4.8,6,5,MASTER ÁUDIO
Fone de ouvido over-ear gamer Corsair HS35 Stereo blue,189,Fones,4.6,150,5,Corsair
Suporte Fone De Ouvido Heardset Duplo Para Mesa,"29,69",Fones,4.7,18,5,IBOX HOME
Fone De Ouvido Sem Fio Bluetooth 5.3 Lenovo Trinkplus Lp75 Cor Preto,"179,90",Fones de Ouvido,4.5,399,5,CAS_PORTS
Fone De Ouvido Bluetooth Pro Gamer Sem Fio Touch,"71,09",Fones e Kits Viva Voz,4.3,8,5,PRIME PRODUCTS
Fone de ouvido neckband sem fio Lenovo X4 preto,"244,79",Fones e Kits Viva Voz,4.3,15,5,DEFLAVIA20220525130831
Fone de ouvido in-ear KZ ZSN Pro Standard gray,"139,50",Fones de Ouvido,4.8,2432,5,D.TALLEPRODUTOS
Headset over-ear gamer HyperX Cloud II KHX-HSCP vermelho,739,Fones,4.9,123,5,Digital ProShop
Fone De Ouvido Gamer C3tech Ph-60bk Preto,56,Fones de Ouvido,5.0,4,5,HILDA GAMA
Fone de ouvido on-ear sem fio Marshall Major III x 1 unidades marrom,"616,55",Fones de Ouvido,5.0,6,5,GOLE9682290
Fone Headset Gamer Led Orelhas Gato Ps4 Xbox Pc Celular Rosa,"116,99",Fones,4.3,6,5,8 Oitava Mall
Fone de ouvido in-ear sem fio Samsung Galaxy Buds Live SM-R180NZ mystic black,549,Fones de Ouvido,4.7,1212,5,MEERCADO.COM.BR
Fone de ouvido in-ear JBL C50HI azul,"54,32",Fones de Ouvido,4.5,773,5,MAIKSHOP IMPORTS
Fone De Ouvido Waaw By Alok Sense 300hbnc Bluetooth,499,Fones de Ouvido,4.3,4,5,123 Comprou
Fone De Ouvido Jbl Wave Flex,"464,10",Fones de Ouvido,4.8,11,5,SOUDMIX
Fone de ouvido on-ear sem fio Kapbom KA-933 preto,"34,79",Fones de Ouvido,4.8,50,5,E2X COMERCIAL
Fone de ouvido on-ear sem fio Kapbom KA-933 preto,"34,79",Fones de Ouvido,4.8,50,5,E2X COMERCIAL
Fone de ouvido in-ear gamer JBL Quantum 50 JBLQUANTUM50 x 1 unidades black,"144,67",Fones de Ouvido,4.3,167,5,Quality SP
Headset over-ear gamer HyperX Cloud Stinger S HHSS1S-AA preto,434,Fones,4.8,59,5,Digital ProShop
Fone de ouvido over-ear gamer sem fio Edifier W820NB EDF200046 cinza,"404,91",Fones de Ouvido,4.9,138,5,UNIVERSOGEEKBR
Headset Gamer Para Celular Edifier G1se - Preto,"145,18",Fones de Ouvido,5.0,2,5,KMOURASHOP
Fone de ouvido over-ear gamer Logitech G Series G335 preto,389,Fones de Ouvido,4.9,39,5,INPOWER
Fone de ouvido in-ear gamer sem fio Xiaomi Redmi AirDots 3 Pro TWSEJ01ZM preto-grafite,"365,72",Fones de Ouvido,4.5,382,5,TDG_ELETRÔNICOS
Headset over-ear gamer JBL Quantum 200 preto,319,Fones de Ouvido,4.7,474,5,EPALACE
Fone de ouvido in-ear sem fio Philips 2000 Series TAT2206 branco,"284,90",Fones e Kits Viva Voz,4.6,87,5,ELETRONIKO.COM.BR
Fone de ouvido over-ear gamer Redragon Lamia RGB H320RGB preto com luz  rgb LED,"272,60",Fones,4.7,83,5,TUDOINFORMATICA_GAMES
Fone De Ouvido In Ear Santo Angelo Devon 16 Dinâmico,"135,90",Fones de Ouvido,5.0,3,5,Musitech
Fone de ouvido in-ear sem fio A6S preto,"35,99",Fones e Kits Viva Voz,4.1,212,5,AIOBH PHONES
Fone de ouvido in-ear gamer KZ ZSX black,"260,10",Fones de Ouvido,4.8,355,5,ZUNFRILLI ACESSORIOS
Fone De Ouvido Stereo Sport Com Mic. P2 Cor Branco,"16,20",Fones e Kits Viva Voz,3.9,72,5,THOMTHOMTHOMTHOM20220512085500
Fone De Ouvido Bluetooth Waaw By Alok Mob 200eb C/ Microfone,"299,90",Fones de Ouvido,4.7,15,5,123 Comprou
Fone De Ouvido Estéreo Akg Usb-c Original Samsung Preto Cor Preto,"179,95",Fones de Ouvido,4.2,19,5,LINHAAZUL PREMIUM
Fone de ouvido over-ear Behringer HPM1000 silver e black,"220,50",Fones de Ouvido,4.1,47,5,TIGERCOMERCIODEEQUIPAMENTOS
Fone de ouvido in-ear gamer JBL Quantum 50 JBLQUANTUM50 x 1 unidades white,"216,12",Fones de Ouvido,4.3,167,5,SULMART BR
Fone de ouvido in-ear JBL Tune T205 JBLT205 black,"187,20",Fones de Ouvido,4.4,658,5,FPSILVA SHOP
Fone de ouvido in-ear sem fio Baseus Encok W3 white,"189,04",Fones e Kits Viva Voz,4.4,144,5,Baseus
Fone de ouvido over-ear gamer Corsair HS35 Stereo green,189,Fones,4.6,150,5,Corsair
Fone De Ouvido Musical Sem Fio Qcy T19 Com Microfone Duplo,"170,10",Fones e Kits Viva Voz,5.0,1,5,CLUBE87
Fone de ouvido over-ear gamer Corsair HS35 Stereo green,189,Fones,4.6,150,5,Corsair
Fone De Ouvido Musical Sem Fio Qcy T19 Com Microfone Duplo,"170,10",Fones e Kits Viva Voz,5.0,1,5,CLUBE87
Fone De Ouvido Headset Intelbras Focus One Bluetooth® 5.0 P2,"179,10",Fones,5.0,2,5,PRIMEINHP
Fone De Ouvido Tipo C Para Samsung M52 5g,"44,41",Fones e Kits Viva Voz,4.0,7,5,KARMASTORE OFICIAL
Fone De Ouvido Gamer Kaster Branco Hs416 Oex,"161,40",Fones,5.0,1,5,TECHDX ELETRONIC
Fone De Ouvido Gamer Kaster Branco Hs416 Oex,"161,40",Fones,5.0,1,5,TECHDX ELETRONIC
Fone de ouvido in-ear gamer sem fio Lenovo XG01 cinza com luz LED,"162,90",Fones de Ouvido,4.0,46,5,KANGGOOSHOP
Fone de ouvido over-ear gamer Onikuma K9 x 1 unidades preto com luz  rgb LED,"157,49",Fones,4.7,46,5,HYPED ELETRONICOS
Fone de ouvido over-ear gamer Redragon Minos H210 preto e vermelho com luz LED,"159,51",Fones,4.7,265,5,CARBONTECH-BR
Fone de ouvido in-ear sem fio HBQ Q32 white,"158,40",Fones e Kits Viva Voz,4.6,88,5,HUALIA
Fone Ouvido Sem Fio Jbl Tune 215bt Preto Bluetooth Original ,"151,54",Fones de Ouvido,4.6,15,5,SHOPLÂNDIA
Fone de ouvido in-ear sem fio F9-5 amarelo,"58,89",Fones e Kits Viva Voz,4.4,5380,5,ATACADAO BRAZIL
Fone de ouvido in-ear KZ ZSN Pro Standard blue,"139,50",Fones de Ouvido,4.8,2432,5,D.TALLEPRODUTOS
"Fone Gamer Microfone Pubg Ps4 Headset /celular, Pc","35,28",Fones,4.0,2,5,NEW COMERCIOTRADE
Fone de ouvido over-ear gamer Kotion G2000 preto e azul com luz LED,"130,49",Fones,4.7,978,5,SOFIAACESSORIOSEPRESENTES
Fone De Ouvido Sem Fio Bluetooth A Prova D' Agua Original Ps,"90,93",Fones e Kits Viva Voz,5.0,3,5,MIXTOU
Fone De Ouvido Sem Fio Touch Bluetooth 5.0 Par Anti Ruído,"50,39",Fones e Kits Viva Voz,4.5,4,5,Musical Store 
Headset Redragon Themis2 P2 H220n,"120,60",Fones,4.8,6,5,ANUSHA COMERCIO
Fone Gamer Headset Para Celular Ps5 Ps4 Microfone Surround,"30,60",Fones,4.9,7,5,TECHSTORE MERCADO
Fone De Ouvido Sem Fio Bluetooth Lenovo Livepods Lp3 Pro,"116,91",Fones de Ouvido,5.0,9,5,CAS_PORTS
Fone De Ouvido Wireless Bluetooth Inpods 12 Branco,"44,91",Fones e Kits Viva Voz,4.0,421,5,FONTE_DA_IMPORTAÇÃO
Fone De Ouvido In-ear Gamer Sem Fio Lenovo Xt92 Preto,"115,19",Fones de Ouvido,4.4,244,5,MAISINFO20220728175048
Fone De Ouvido Sem Fio Tws Bluetooth 5.1 Original Kaidi 771 Cor Preto,"113,99",Fones e Kits Viva Voz,4.7,284,5,LT.IMPORTADOS
Headset Fone Usb Com Microfone C3tech Original,122,Fones,4.8,5,5,INFORCELL TECNOLOGIA
Fone de ouvido in-ear Samsung GH59-11129H white,"40,34",Fones e Kits Viva Voz,3.1,254,5,FIXCOMM
Suporte Fone De Ouvido Heardset E 1 Controle Gammer,"40,18",Fones,4.5,2,5,EHON IMPORTADOS
Fone De Ouvido Gamer Pc Celular Ps3 Ps4 Xbox One,"37,16",Fones e Kits Viva Voz,4.8,5,5,COMPRABARATAÉAQUI
"Smart TV AOC 5135 Series 32S5135/78G DLED Roku OS HD 32"" 110V/240V",999,Televisores,4.7,27,5,Mercado Livre
"Smart TV Samsung UN50BU8000GXZD LED Tizen 4K 50"" 100V/240V",2.599,Televisores,4.9,457,5,Mercado Livre
"Smart TV Samsung UN50AU7700GXZD LED Tizen 4K 50"" 100V/240V",2.429,Televisores,4.8,959,5,2Eletro
"Smart TV Philco PTV32G70RCH LED Roku OS HD 32"" 110V/220V",1.129,Televisores,4.7,1248,5,VIKING
Asus ROG Phone 5s ZS676KS Dual SIM 256 GB phantom black 12 GB RAM,"3.959,12",Celulares e Smartphones,4.7,38,5,Asus
Samsung Galaxy S23 Ultra Dual SIM 256 GB phantom black 12 GB RAM,8.499,Celulares e Smartphones,5.0,143,5,Mercado Livre
Apple iPhone 14 (256 GB) - Estelar,8.599,Celulares e Smartphones,4.8,55,5,FASTSHOP OFICIAL
"Notebook Lenovo IdeaPad 15IGL05  platinum gray 15.6"", Intel Celeron N4020  4GB de RAM 128GB SSD, Intel UHD Graphics 600 1366x768px Windows 11 Home",1.889,Notebooks,4.6,902,5,123 Comprou
"Notebook Asus M515da-br1213w R5 8gb 256gb Ssd 15,6'' W10",3.199,Notebooks,4.8,81,5,Mercado Livre
"Notebook Lenovo IdeaPad 3i prata 15.6"", Intel Core i7 10510U  8GB de RAM 256GB SSD, NVIDIA GeForce MX330 1366x768px Linux",4.429,Notebooks,4.7,742,5,Mobcom
Fone de ouvido in-ear sem fio JBL Reflect Mini NC preto,629,Fones de Ouvido,4.4,69,5,2Eletro
Fone de ouvido in-ear gamer KZ ZST X with mic púrpura,"143,60",Fones de Ouvido,4.8,6,5,Greycom
Fone de ouvido over-ear Arcano ARC-SHP300 preto e prateado,"269,99",Fones de Ouvido,4.8,237,5,AUDIO-DISCOVERY
Headset over-ear gamer HyperX Cloud Core KHX-HSCC preto e vermelho,529,Fones,4.6,36,5,Digital ProShop
Fone de ouvido Beats Flex - Cinza-defumado,"424,99",Fones de Ouvido,4.6,14,5,HSTECNOLOGIALTDA
Headset C3 Tech Com Microfone Ph-340bk Usb Stereo C/controle Cor Preto,"116,47",Fones,4.5,2,5,INFOSHOP_MG
Headset over-ear gamer HyperX Cloud Alpha S HX-HSCAS blackout,699,Fones,4.7,76,5,Digital ProShop
Fone de ouvido over-ear Arcano ARC-SHP80 preto e prateado,"229,49",Fones de Ouvido,4.8,66,5,AUDIO-E.P.S
Fone De Ouvido Tectoy Xbuddy-s - Bluetooth,"79,90",Fones de Ouvido,4.4,9,5,VIKING
Fone de ouvido over-ear sem fio CAT STN-28 rosa,"40,49",Fones de Ouvido,4.4,2117,5,JLCOMERCIODEARTIGOSEEQUIP
Fone De Ouvido Bluetooth Waaw By Alok Mob 100eb C/ Microfone Cor Preto E Verde,"197,09",Fones de Ouvido,4.3,27,5,123 Comprou
"Fone De Ouvido Gamer Intra Auricular Hp H150, P2 C Microfone","116,10",Fones,4.3,8,5,DISTRIBUIDORA CAPIXABABOOM
Apple EarPods con conector Lightning - Branco,"113,25",Fones e Kits Viva Voz,3.7,155,5,BONISHOP 2
Fone de ouvido in-ear gamer KZ ZSX ciano,"260,10",Fones de Ouvido,4.8,355,5,ZUNFRILLI ACESSORIOS
Fone de ouvido in-ear gamer KZ ZSX ciano,"260,10",Fones de Ouvido,4.8,355,5,ZUNFRILLI ACESSORIOS
Fone de ouvido in-ear sem fio Baseus W04 Pro white,"229,24",Fones e Kits Viva Voz,4.4,489,5,Baseus
Fone de ouvido in-ear JBL Endurance Run yellow,135,Fones de Ouvido,4.8,1408,5,MF.VARIEDADES.LTDA
Headset over-ear gamer HyperX Cloud Revolver HX-HSCR x 1 unidades cinza-metalizado,629,Fones,4.9,46,5,Digital ProShop
Fone de ouvido over-ear gamer Trust Radius GXT 310 jungle camo,"54,90",Fones,4.6,48,5,123 Comprou
Headset Sem Fio Logitech Zone Vibe 100 Bluetooth Rosa,"539,91",Fones,4.0,1,5,BONZI.COM.BR
Fone de ouvido over-ear gamer Corsair HS35 Stereo red,"175,40",Fones,4.6,150,5,NLISBOA ELETRONICOS
Fone de ouvido in-ear gamer sem fio Xiaomi Redmi AirDots 2 TWSEJ061LS branco,"89,89",Fones e Kits Viva Voz,4.1,112,5,OXTO XB
Fone In-ear By Santo Angelo - Devon 10,"356,40",Fones de Ouvido,5.0,2,5,Musitech
Fone In-ear By Santo Angelo - Devon 10,"356,40",Fones de Ouvido,5.0,2,5,Musitech
Headset over-ear gamer JBL Quantum 300 JBLQUANTUM300 x 1 unidades preto,"322,05",Fones,4.8,104,5,RYTOPBRASILLTDA
Fone de ouvido over-ear gamer Knup KP-396 preto e vermelho,"48,97",Fones,4.2,943,5,LUUK YOUNG
Fone de ouvido in-ear gamer KZ ZSX purple,"251,10",Fones de Ouvido,4.8,355,5,ZUNFRILLI SOM-LUZ-ACESSORIOS
Fone De Ouvido Sem Fio Rgb Bluetooth Função Rádio Headset,"62,31",Fones e Kits Viva Voz,4.6,269,5,PARTS LOMBARDI
Headset over-ear gamer HyperX CloudX Stinger HX-HSCSX preto e verde,378,Fones,4.6,52,5,Digital ProShop
Fone Headset Gamer 7.1 Hd Led Mic P2 Xbox Ps4 Pc Celular K2 ,150,Fones,4.7,128,5,Haiz
Fone de ouvido on-ear JBL Tune 500 JBLT500 preto,"224,99",Fones e Kits Viva Voz,4.7,1444,5,INFOPRATA INFORMÁTICA
Fone de ouvido over-ear sem fio CAT STN-28 roxo,"80,10",Fones de Ouvido,4.4,2117,5,JMCOMERCIODEEQUIPAMENTOSEL
Headset Gamer Profissional Onikuma K15 Rgb Preto,"148,49",Fones,5.0,1,5,HYPED ELETRONICOS
Fone de ouvido over-ear gamer Knup KP-491 azul,"146,20",Fones,4.8,154,5,KINGTE PC
Fone De Ouvido In-ear Kz Edx Pro,108,Fones de Ouvido,4.8,170,5,WEIMPORTSMG
Fone De Ouvido Sem Fio I12 Tws Bluetooth Com Touch,"35,15",Fones e Kits Viva Voz,4.6,14,4,ROBIMPORTSS
Fone Ouvido Bluetooth Gatinho Sem Fio Com Luz Led 7 Cores,"105,30",Fones de Ouvido,4.7,3,5,SANTIAGO ELETRO.
Fone de ouvido in-ear KZ EDX without mic crystal,"94,50",Fones de Ouvido,4.9,8,5,WEIMPORTSMG
"Smart TV Samsung UN43AU7700GXZD LED Tizen 4K 43"" 100V/240V",1.973,Televisores,4.7,825,5,Mercado Livre
"Smart TV Samsung UN32T4300AGXZD LED HD 32""",1.199,Televisores,4.7,1775,5,Mercado Livre
"Smart TV Philco PTV43D10AG11SKF LED Android TV Full HD 43"" 110V/220V",1.789,Televisores,4.8,336,5,VIKING
Tv Philco Ptv32a21dfh Led,949,Televisores,4.7,265,5,Mercado Livre
"Smart TV TCL C635 Series 55C635 QLED Google TV 4K 55"" 100V/240V",2.596,Televisores,5.0,1,5,Mercado Livre
"Smart TV Philco PTV40G65RCH LED Roku OS Full HD 40"" 110V/220V",1.459,Televisores,4.7,281,5,KILLECOMMERCE
"Smart TV LG 32LQ621CBSB .AWZ LED webOS HD 32"" 100V/240V",1.167,Televisores,4.8,612,5,Mega Mamute
Android Tv Led 43  Tcl S615 Full Hd Com Google Assistant,1.726,Televisores,4.8,312,5,Mercado Livre
"Smart TV Aiwa AWS-TV-50-BL-01 IPS Linux 4K 50"" 110V/220V",1.999,Televisores,4.6,50,5,Mercado Livre
Tv Smart LG 32'' Hd 32lq620 Wifi Bluetooth Hdr Thinqai Compatível Com Smart Magic Google Alexa 100v/240v,1.199,Televisores,4.8,511,5,Mercado Livre
"Smart TV LG AI ThinQ 50UQ7950PSB LED webOS 22 4K 50"" 100V/240V",2.469,Televisores,4.9,55,5,MERCADOLIVRE ELETRONICOS
Smart Tv LG Ai Thinq 50uq801c0sb Led 4k 50  100v/240v,2.299,Televisores,4.9,710,5,VIKING
"Smart TV Konka 680 Series KDG43RR680LN LED Android 11 Full HD 43"" 110V/240V",1.459,Televisores,4.7,11,4,Belmicro
Smart Tv LG Ai Thinq 43uq751c0sf Led 4k43 100v/240v,2.499,Televisores,4.8,276,5,2Eletro
"Smart TV Samsung UN60AU7700GXZD LED Tizen 4K 60"" 100V/240V",3.161,Televisores,4.7,91,5,MEGAMAMUTE OFICIALES
"Smart TV TCL P635-Series 50P635 LED 4K 50"" 100V/240V",2.299,Televisores,4.8,304,5,Mercado Livre
"Smart TV TCL S40-Series 40S615 LED Android Pie Full HD 40"" 100V/240V","1.632,51",Televisores,4.6,332,5,Mercado Livre
"Smart TV Samsung LH65BEAHVGGXZD LED Tizen 4K 65"" 110V/220V",3.449,Televisores,4.9,90,5,MEGAMAMUTE OFICIALES
"Smart TV LG AI ThinQ 70UQ8050PSB LED webOS 22 4K 70"" 100V/240V","6.498,99",Televisores,4.8,5,5,MERCADOLIVRE ELETRONICOS
Smart Tv 48'' 4k Oled48c2 Evo 120hz Nvidia LG Bivolt,8.999,Televisores,5.0,42,5,Mercado Livre
Smart Tv LG 65'' Led 4k Wi-fi Bluetooth Hdr Thinq Ai Google Assis. Alexa Built-in Apple Airplay E Homekit- 65uq801c0sb.bwz,3.959,Televisores,4.8,114,5,2Eletro
"Smart TV LG 24TL520S-PS LED HD 23.6""","1.025,17",Televisores,4.7,1763,5,Mercado Livre
"Smart TV Multilaser TL020 DLED Linux HD 32"" 100V/240V",999,Televisores,4.5,537,5,KILLECOMMERCE
"Smart TV Philco PTV40E30AGSF LED Full HD 40"" 110V/240V",2.599,Televisores,4.6,9,5,123 Comprou
"Smart TV Philco PTV43G50SN DLED Full HD 43"" 110V/220V",1.769,Televisores,4.5,66,5,Mercado Livre
"Smart TV Semp 32R6500 LED Roku OS HD 32"" 110V/220V",1.199,Televisores,4.7,70,5,Mega Mamute
"Smart TV Samsung Neo QLED 4K QN50QN90BAGXZD QLED Tizen 4K 50"" 100V/240V",4.399,Televisores,4.8,49,5,Mercado Livre
"Smart TV Semp 32R6500 LED Roku OS HD 32"" 110V/220V",1.199,Televisores,4.7,70,5,Mega Mamute
"Smart TV TCL Series P635 55P635 LCD Google TV 4K 55"" 100V/240V",2.599,Televisores,4.7,48,5,MEGAMAMUTE OFICIALES
"Smart TV LG AI ThinQ 43LM631C0SB LED webOS Full HD 43"" 100V/240V",1.899,Televisores,4.8,1011,5,INPOWER
"Smart TV Philips 7000 Series 55PUG7406/78 LED Android 10 4K 55"" 110V/240V",2.799,Televisores,4.6,35,5,Mercado Livre
"TV portátil Tomate MTM-1410 LED HD 14"" 100V/240V","522,52",Televisores,4.5,482,5,CARACAS SHOOP
"Smart TV Samsung The Frame QN43LS03BAGXZD QLED Tizen 4K 43"" 100V/240V","8.592,12",Televisores,5.0,9,5,Mercado Livre
"Smart TV Samsung Crystal UHD UN65BU8000GXZD LED Tizen 4K 65"" 100V/240V",3.923,Televisores,4.7,44,5,Mercado Livre
"Smart TV Aiwa AWS-TV-55-BL-01-A Android TV 4K 55"" 110V/220V",2.849,Televisores,4.8,26,5,Mercado Livre
"Smart TV LG AI ThinQ 65NANO80SQA LCD webOS 22 4K 65"" 100V/240V",4.399,Televisores,4.3,4,5,Mercado Livre
"Smart TV LG Evo OLED55C2PSA webOS 22 4K 55"" 100V/240V",5.999,Televisores,5.0,13,5,Mercado Livre
"Smart TV Samsung QN55Q60BAGXZD QLED Tizen 4K 55"" 100V/240V",3.699,Televisores,4.6,25,5,Mercado Livre
"Smart TV Philips 7000 Series 70PUG7406/78 LED Android 10 4K 70"" 110V/240V",4.099,Televisores,4.9,9,5,Mercado Livre
Samsung Smart Tv 50'' Qled The Frame 2022 50ls03b,"4.540,96",Televisores,5.0,3,5,Mercado Livre
"Smart TV Philips 65PUG7906/78 LED Android 10 4K 65"" 110V/240V",3.999,Televisores,5.0,1,5,Mercado Livre
Smart Tv Aiwa 43 Full Hd Hdr10 Dolby Áudio Aws-tv-43-bl-01,1.799,Televisores,4.6,57,5,Mercado Livre
"Smart TV Konka Series 680 UDG50QR680LN LED Android 11 4K 50"" 110V/240V",1.879,Televisores,4.7,6,4,Belmicro
"Smart TV Philips 75PUG7906/78 LED Android 10 4K 75"" 110V/240V",4.999,Televisores,4.6,5,5,Mercado Livre
Smart Tv 50'' 50q80ba Qled 4k Samsung Bivolt,3.599,Televisores,5.0,1,5,Mercado Livre
Smart Tv Multilaser 55 4k Hdr Dled Wi-fi Usb Hdmi Linux- Tl025m,2.349,Televisores,4.3,7,5,INPOWER
"Smart TV Philips 7000 Series 65PUG7406/78 LED Android 10 4K 65"" 110V/240V",3.565,Televisores,5.0,2,5,ENGAGEELETRO
"TV Philco PH24N91D DLED HD 24"" 110V/220V",1.152,Televisores,5.0,3,5,DAYLUNA SHOP
"TV portátil Tomate MTM-909 LED HD 9"" 110V/220V","895,84",Televisores,4.5,291,5,CLICELL ELETRÔNICOS
"TV Philco PTV24G50DCH LED HD 24"" 110V/220V","1.042,42",Televisores,4.6,59,5,LOJAGET.INFO
Mini Tv Digital Monitor Portátil 9 Polegadas Led Hd Usb Av,"588,99",Televisores,4.5,2,5,PITÉU PITANGA
Tv Digital Integrada Portátil Monitor Lcd 9  Hd Pen Drive Sd,"460,75",Televisores,4.1,12,5,TECHSTORE MERCADO
"Smart TV Philco PTV32G70SBL LED HD 32"" 110V/220V","2.159,10",Televisores,4.8,110,5,DAYLUNA SHOP
"Smart TV Samsung LH50BEAHVGGXZD LED Tizen 4K 50"" 110V/220V",2.399,Televisores,4.8,177,3,COMPREBEL.
Mini Tv Digital Monitor Portátil 7 Polegadas Led Hd Usb Av,"423,99",Televisores,4.9,14,5,PITÉU PITANGA
"Furadeira parafusadeira sem fio de 10mm Wap BPF 12K3 12V + accesorios 110V/220V
",198,De Mão,4.7,3747,5,Ismafer Ferramentas
"Notebook gamer Acer Aspire Nitro 5 AN515-57 preta e vermelha 15.6"", Intel Core i5 11400H  8GB de RAM 512GB SSD, NVIDIA GeForce GTX 1650 144 Hz 1920x1080px Linux Gutta",4.359,Notebooks,4.5,12,5,2Eletro
Fone de ouvido in-ear sem fio QCY True Wireless Earbuds T13 branco,"166,50",Fones e Kits Viva Voz,4.8,3317,5,QCY
"Smart TV Philips 6900 Series 43PFG6917/78 LED Android 10 Full HD 43"" 110V/240V",1.699,Televisores,4.7,551,5,Mercado Livre
"Smart TV LG ThinQ AI 43UQ7500PSF LCD webOS 4K 43"" 100V/240V",2.049,Televisores,4.7,246,5,Mercado Livre
"Smart TV Philips 7000 Series 50PUG7406/78 LED Android 10 4K 50"" 110V/240V",2.199,Televisores,4.7,465,5,Mercado Livre
"Smart TV HQ HQSTV60NK LED Android 11 4K 60"" 110V/220V",2.159,Televisores,4.4,43,4,HQ Screen
"Smart TV Philco PTV24G50SN DLED HD 24"" 110V/220V","948,27",Televisores,4.6,665,5,ELETRO2U
"Smart TV Multilaser TL026 LED HD 32"" 110V/220V",999,Televisores,4.7,151,5,KILLECOMMERCE
"Smart TV Samsung BET-M LH43BETMLGGXZD LED Tizen Full HD 43"" 110V/220V",1.799,Televisores,4.8,502,5,Mobcom
"Smart TV Samsung LH55BEAHVGGXZD LED Tizen 4K 55"" 110V/220V",2.649,Televisores,4.6,70,5,Mobcom
"Smart TV Samsung Crystal UHD UN55BU8000GXZD LED Tizen 4K 55"" 100V/240V","4.640,60",Televisores,4.7,41,5,Mercado Livre
Mini Tv Digital Monitor Portátil 12 Polegadas Hd Hdmi Usb Av,"611,99",Televisores,4.9,15,5,PESCELCOMERCIALEIRELI
"TV Multilaser TL016 LED HD 24""","1.079,10",Televisores,4.3,172,5,DAYLUNA SHOP
"Smart TV Panasonic Viera TC-32FS500B LED HD 32"" 110V/220V","1.549,90",Televisores,4.5,59,5,ENGAGE OUTLET
"TV portátil Philco PTV24N91DFBRH LED HD 24"" 110V/220V","1.412,10",Televisores,4.9,11,5,DAYLUNA SHOP
Máquina de solda inverter Super Tork Profissional KAB 250 amarela e preta 50Hz/60Hz 127V/220V,1.498,Maquinas de Solda,4.7,45,5,Super Tork
"Esmerilhadeira angular Pró Euro PRE-720 de 60 Hz laranja 720 W 127 V + acessório, 1 óculos, 1 suporte, 1 disco","154,90",Esmerilhadeira e Retificadeira,4.2,1447,5,PRO-EURO
"Furadeira martelete parafusadeira sem fio de 13mm DeWalt DCD7781D2 20V com maleta de transporte 110V/220V
","1.149,08",De Mão,4.9,1045,5,Tork Tools
Máquina de solda inverter Titanium TI150 preta e amarela 220V,"338,11",Maquinas de Solda,4.6,1362,5,DdMaquinas
Mini esmerilhadeira angular Bosch Professional GWS 700 azul 710 W 110 V,"322,24",Esmerilhadeira e Retificadeira,4.8,733,5,Dutra Maquinas
Máquina de solda Pró Euro MIG 150A Flex sin máscara laranja e preta 50Hz/60Hz 220V,"927,38",Maquinas de Solda,4.7,128,5,PRO-EURO
"Esmerilhadeira angular Pró Euro PRE-720 de 60 Hz laranja 720 W 220 V + acessório, 1 óculos, 1 suporte, 1 disco","154,90",Esmerilhadeira e Retificadeira,4.2,1447,5,PRO-EURO
Serra circular elétrica Bosch Professional GKS 150 184mm 1500W azul 110V,"588,29",Circulares,4.9,844,5,CASA_E_FERRAMENTAS
"Furadeira martelete parafusadeira elétrica de 10mm Bosch GSB 450 RE 450W + accesorios com caixa de papelão 127V
",247,De Mão,4.7,2253,5,Quality SP
Máquina de solda inverter Pró Euro GP-170 GP 170a laranja e preta 50Hz/60Hz 127V/220V,487,Maquinas de Solda,4.8,79,5,PRO-EURO
Esmerilhadeira angular Vonder EAV 860N de 50 Hz/60 Hz amarela 860 W 220 V + acessório,"305,72",Esmerilhadeira e Retificadeira,4.7,687,5,123_SPORT
Máquina de solda inverter Azen Flex 4000 azul e preta 60Hz 110V,"1.168,56",Maquinas de Solda,4.9,9,5,LEVEMÁQUINAS
Esmerilhadeira Lixadeira Angular Politriz Elétrica 4.1/2,143,Esmerilhadeira e Retificadeira,5.0,9,5,Ismafer Ferramentas
Parafusadeira Impacto Bateria 12v 10mm Maleta 13 Peças Wap,"309,90",De Mão,4.8,14,5,123 Comprou
 Maquina Solda Super Combo Kab 150a Mascara 2 Esq 2 Lentes,659,Maquinas de Solda,4.8,101,5,Casa das Serras
Parafusadeira Impacto Bateria 12v 10mm Maleta 13 Peças Wap,"309,90",De Mão,4.8,14,5,123 Comprou
 Maquina Solda Super Combo Kab 150a Mascara 2 Esq 2 Lentes,659,Maquinas de Solda,4.8,101,5,Casa das Serras
"Furadeira parafusadeira elétrica de 16mm Vonder FSV 1050 1050W + accesorios 220V 50Hz/60Hz
","521,54",De Mão,4.8,47,5,BWINX
Máquina Solda Inversora Mig 150a 127v Sem Gás Tig Lift,"905,52",Maquinas de Solda,4.9,16,5,PRO-EURO
"Furadeira martelete parafusadeira sem fio Makita HP333DWYX3 12V 110V/220V
","521,98",De Mão,4.8,1495,5,J Nakao
Serra circular elétrica Mondial FSC-03 185mm 1200W petra e vermelha 220V,"372,02",Circulares,4.5,311,5,DdMaquinas
Esmerilhadeira angular Bosch Professional GWS 2200-180 H azul 2200 W 220 V,"754,72",Esmerilhadeira e Retificadeira,4.9,21,5,Luitex Ferramentas
"Furadeira martelete parafusadeira sem fio de 13mm Hammer GYPLI240 24V 110V/220V
","473,80",De Mão,4.9,14,5,Ismafer Ferramentas
Serra circular elétrica Bosch GDC150 125mm 1500W azul 220V,"391,51",Circulares,4.8,98,5,CASA_E_FERRAMENTAS
"Furadeira martelete parafusadeira elétrica de 10mm Mondial NFFI-07M 650W + accesorios com maleta de transporte 220V
","177,11",De Mão,4.5,640,5,DdMaquinas
Esmerilhadeira angular Vonder EAV 650 de 50 Hz/60 Hz amarela 650 W 127 V + acessórios,"249,19",Esmerilhadeira e Retificadeira,4.7,605,5,CIDADEECAMPO HC
Esmerilhadeira angular sem fio Bosch Professional GWS 180-LI azul + acessório,"648,81",Esmerilhadeira e Retificadeira,4.7,61,5,CASA_E_FERRAMENTAS
Serra Rápida Policorte 2000w Meia Esquadria Portátil Hammer,"586,51",Circulares,4.0,6,5,DdMaquinas
Furadeira Parafusadeira Sem Fio 12v Bivolt Com Kit E Maleta,148,De Mão,4.7,55,5,Ismafer Ferramentas
"Esmerilhadeira angular Tssaper Tsea de 60 Hz azul-turquesa 820 W 220 V 1 manual, 2 discos, + acessório","168,21",Esmerilhadeira e Retificadeira,4.2,399,5,TSSAPER
"Furadeira parafusadeira sem fio de 13mm Bosch GSR 180-LI 18V + 2 baterías de 1.5Ah com maleta de transporte 110V/220V
","851,73",De Mão,4.7,53,5,CASA_E_FERRAMENTAS
Máquina de solda inverter Fortg MMA 170IP FG4514 vermelha 60Hz 110V/220V,"574,04",Maquinas de Solda,4.9,46,5,FortG
Parafusadeira Furadeira Sem Fio Bivolt 10mm 12v,"186,81",De Mão,4.5,8,5,PRO-EURO
Mini esmerilhadeira angular Bosch Professional GWS 700 azul 710 W 127 V,"315,95",Esmerilhadeira e Retificadeira,4.8,733,5,Luitex Ferramentas
"Furadeira parafusadeira sem fio de 10mm Vonder PFV 012 12V + accesorios com maleta de transporte 100V/240V 50Hz/60Hz
","231,31",De Mão,4.6,2349,5,GALPAO 12
Serra circular elétrica Tssaper TSSC 185mm 1200W azul-turquesa 220V,"284,71",Circulares,3.8,56,5,TSSAPER
"Furadeira martelete parafusadeira elétrica de 10mm Mondial NFFI-07M 650W + accesorios com maleta de transporte 127V
","197,58",De Mão,4.5,640,5,DdMaquinas
"Furadeira parafusadeira sem fio de 10mm Tssaper TPA12 12V + accesorios com maleta de transporte
","186,81",De Mão,4.6,118,5,TSSAPER
Máquina de solda inverter Fortg MMA 100A FG4010 60Hz 220V,"309,71",Maquinas de Solda,4.7,133,5,FortG
Mini Máquina Solda Inversora Mma 120a Power,"445,50",Maquinas de Solda,5.0,1,5,Ismafer Ferramentas
"Furadeira martelete parafusadeira elétrica de 1.2"" Makita HP1640 760W + accesorios 110V
","390,71",De Mão,4.8,315,5,DIFEMAQ
"Furadeira parafusadeira sem fio de 10mm Black+Decker LD12SP 12V + accesorios com estojo de plástico 127V/220V
","252,02",De Mão,4.7,361,5,Palácio das Ferramentas
Esmerilhadeira reta Makita MT M9100 azul-turquesa 480 W 220 V,"461,91",Esmerilhadeira e Retificadeira,4.7,67,5,RJ HAMER
"Furadeira martelete parafusadeira sem fio de 13mm Bosch GSB 180-LI 18V + accesorios com maleta de transporte + 2 baterias 2.0ah y carregador 127V/220V
",1.069,De Mão,4.9,61,5,Luitex Ferramentas
"Furadeira martelete  elétrica de 10mm Black+Decker TM500 500W + acessório 127V 60Hz
","159,31",De Mão,4.5,2033,5,MAGAZINE ALPHA
Máquina de solda inverter Boxer Touch 145 branca 220V,459,Maquinas de Solda,4.8,498,5,Dutra Maquinas
Mini esmerilhadeira angular Bosch Professional GWS 9-125 S azul 900 W 220 V + acessório,"515,31",Esmerilhadeira e Retificadeira,4.8,356,5,Luitex Ferramentas
Esmerilhadeira angular Bosch Professional GWS 9-125 azul 900 W 220 V,"497,51",Esmerilhadeira e Retificadeira,4.8,146,5,Luitex Ferramentas
Máquina de solda inverter Boxer Touch 150 BV branca e azul 110V/220V,609,Maquinas de Solda,4.8,1248,5,Ismafer Ferramentas
"Furadeira parafusadeira elétrica de 10mm Bosch GSR 7-14 E 400W 127V
","299,93",De Mão,4.7,702,5,CASA_E_FERRAMENTAS
"Furadeira parafusadeira elétrica de 10mm Bosch GSR 7-14 E 400W 220V
","319,51",De Mão,4.7,702,5,Luitex Ferramentas
"Furadeira parafusadeira sem fio de 10mm Wesco WS2550K 12V + accesorios 110V/220V
",185,De Mão,4.6,314,5,Ismafer Ferramentas
Furadeira Parafusadeira Impacto 12v Com Maleta + Jg Acessorios,"183,39",De Mão,4.1,92,5,GREEN_MAQ
Mini esmerilhadeira angular Bosch Professional GWS 700 azul 710 W 220 V,"310,61",Esmerilhadeira e Retificadeira,4.8,733,5,CASA_E_FERRAMENTAS
"Furadeira martelete parafusadeira sem fio de 13mm Bosch GSB 18V-50 18V + 2 baterías de 2Ah com maleta de transporte 110V/220V
","978,11",De Mão,4.8,413,5,FERRAMENTECPECASESERVICOSEI
Esmerilhadeira angular Bosch Professional GWS 9-125 azul 900 W 127 V,"497,51",Esmerilhadeira e Retificadeira,4.8,146,5,Luitex Ferramentas
Inversora De Solda Digital 140a Com Maleta - Bambozzi,"737,81",Maquinas de Solda,5.0,3,5,Luitex Ferramentas
Mini esmerilhadeira angular Bosch Professional GWS 850 azul 850 W 127 V + acessório,"390,71",Esmerilhadeira e Retificadeira,4.7,273,5,Luitex Ferramentas
Esmerilhadeira angular Makita 9557HNG azul-turquesa 840 W 127 V + acessório,"391,51",Esmerilhadeira e Retificadeira,4.8,663,5,MÁQUINAS TREVISANI
Máquina de solda inverter USK MINI MMA-225 220V,"340,87",Maquinas de Solda,4.6,241,5,MAGAZINE MELINDABRASIL
Máquina de solda inverter Balmer JOY 133 DV verde e preta 50Hz/60Hz 127V/220V,"585,62",Maquinas de Solda,4.6,25,5,DdMaquinas
"Furadeira martelete  elétrica de 10mm Black+Decker TM500 500W + acessório 220V 60Hz
","159,31",De Mão,4.5,2033,5,MAGAZINE ALPHA
Máquina de solda Boxer Migflex 160 BV con máscara azul e preta 127V/220V,2.199,Maquinas de Solda,4.9,46,5,Tork Tools
Máquina de solda inverter Super Tork Touch 300 VRD cinza 60Hz 220V,"2.224,11",Maquinas de Solda,4.1,8,5,MR SOLDA
Esmerilhadeira angular DWT EAD-650 de 50 Hz/60 Hz verde 650 W 220 V + acessório,"239,41",Esmerilhadeira e Retificadeira,4.7,60,5,BWINX
Máquina de solda inverter Boxer Flama 201 BV azul e preta 110V/220V,1.229,Maquinas de Solda,4.8,211,5,Dutra Maquinas
Esmerilhadeira angular Bosch Professional GWS 28-230 azul 2800 W 220 V + acessório,"914,03",Esmerilhadeira e Retificadeira,4.9,11,5,CASA_E_FERRAMENTAS
Esmerilhadeira angular Bosch Professional GWS 28-230 azul 2800 W 220 V + acessório,"914,03",Esmerilhadeira e Retificadeira,4.9,11,5,CASA_E_FERRAMENTAS
Serra circular elétrica Makita SP6000 165mm 1300W azul-turquesa 220V-240V,"1.948,45",Circulares,4.4,20,5,DIFEMAQ
Máquina de solda Lynus LIM-140 60Hz 127V/220V,"1.059,01",Maquinas de Solda,4.4,45,5,EMAFERRAMENTAS
Máquina de solda inverter Azen AW-140 azul 60Hz 220V,"350,66",Maquinas de Solda,4.6,17,5,LEVEMÁQUINAS
Esmerilhadeira Angular 5'' 125mm 960w Eea960 Wap Voltagem 110v,"196,82",Esmerilhadeira e Retificadeira,4.2,158,5,Dutra Maquinas
Parafusadeira Furadeira Sem Fio C/maleta Bivolt Até 10mm 18v,"290,41",De Mão,5.0,5,5,PRO-EURO
"Furadeira martelete  elétrica de 10mm Black+Decker TM500 500W + acessório 120V 60Hz
","169,01",De Mão,4.5,2033,5,LOJA HIPERTUDO
Inversora De Solda Mma Pistola 120amp Lisp-120 Lynus 220v,"468,05",Maquinas de Solda,4.5,11,5,JCFERRAGENSBRASILIA
"Furadeira martelete parafusadeira elétrica de 13mm Vonder FIV 709 710W + accesorios com maleta de transporte 127V 50Hz/60Hz
","332,86",De Mão,4.7,229,5,BWINX
Maquina Solda Inversora 220v 105a 60hz Mma Tig Vulcan,"332,10",Maquinas de Solda,5.0,3,5,RRCMAQUINASLTDA
Serra Rápida Bosch Portátil 14 2.200 Watts Gco 220 ,"1.156,11",Circulares,5.0,1,5,Luitex Ferramentas
"Furadeira martelete parafusadeira elétrica de 1.2"" Makita HP1640 680W + accesorios 220V
","390,71",De Mão,4.8,315,5,DIFEMAQ
Esmerilhadeira angular DeWalt DWE4118 de 50 Hz/60 Hz amarela 950 W 220 V,"525,08",Esmerilhadeira e Retificadeira,4.4,65,5,LOJAODASFERRAMENTASBSB
Inversora De Solda Multiprocesso Hardyarc Mig 160i 220v Esab,"2.521,92",Maquinas de Solda,5.0,2,5,BESA SOLDAS
Inversora De Solda Multiprocesso Hardyarc Mig 160i 220v Esab,"2.521,92",Maquinas de Solda,5.0,2,5,BESA SOLDAS
Esmerilhadeira angular Bosch Professional GWS 2200-230 azul 2200 W 220 V + acessório,"826,76",Esmerilhadeira e Retificadeira,4.9,36,5,CICAMPO-MAQUINAS-FERRAMENTAS
Kits Parafusadeira Furadeira 2 Bat. Bivolt 12v Lct204 Makita Voltagem 110v/220v,1.051,De Mão,4.8,25,5,Ismafer Ferramentas
Máquina de solda inverter Super Tork KAB 180 MIG-S BV amarela e preta 60Hz 127V/220V,"2.312,22",Maquinas de Solda,4.8,53,5,Super Tork
Smartphone Samsung Galaxy A54 5g 128gb Memória Ram De 8gb 5g Branco,1.859,Celulares e Smartphones,4.8,12,5,Mercado Livre
Samsung Galaxy A03 Core Dual SIM 32 GB black 2 GB RAM,609,Celulares e Smartphones,4.6,7358,5,Mercado Livre
Samsung Galaxy S20 FE 5G 5G Dual SIM 128 GB cloud lavender 6 GB RAM,2.499,Celulares e Smartphones,4.8,2282,5,Mercado Livre
Apple iPhone 14 (512 GB) - (PRODUCT)RED,8.779,Celulares e Smartphones,4.8,55,5,LOJA IPLACE
"Notebook Asus X515JA cinza 15.6"", Intel Core i3 1005G1  4GB de RAM 128GB SSD, Intel UHD Graphics G1 (Ice Lake 32 EU) 1366x768px Windows 11 Home",1.979,Notebooks,4.7,379,5,Asus
Notebook Acer A514-54-385S I3 4gb 256gb Ssd 14'' W11,2.469,Notebooks,4.8,4,5,2Eletro
Notebook Compaq Intel I3 6157u 4gb Ssd 120gb ,2.199,Notebooks,4.9,9,5,2Eletro
Fone de ouvido in-ear sem fio Samsung Galaxy Buds2 SM-R177 x 1 unidades graphite,399,Fones de Ouvido,4.8,874,5,Mercado Livre
Fone de ouvido over-ear Microsoft LifeChat LX-3000 JUG-00013 preto,"184,65",Fones,4.8,175,5,NEGOCIUN-SP
Fone de ouvido in-ear sem fio QCY T1C preto,"105,30",Fones e Kits Viva Voz,4.6,13521,5,QCY
Fone de ouvido over-ear gamer Trust Radius GXT 310 black e red,"49,90",Fones,4.6,48,5,123 Comprou
Fone de ouvido over-ear Superlux HD668B preto,"327,75",Fones de Ouvido,4.3,3,5,PAKRYAUDIO
Fone de ouvido in-ear JBL C50HI preto,"66,02",Fones de Ouvido,4.5,773,5,Sou Mais Preço
"Smart TV Samsung BET-B LH32BETBLGGXZD LED HD 32""",1.149,Televisores,4.7,1592,5,Mobcom
"Smart TV Philco PTV39G71AG11CH LED Android TV HD 39"" 110V/220V",1.399,Televisores,4.9,49,5,Mobcom
Smart Tv Aoc Led 43 Full Hd Wi-fi Usb Hdmi Roku 43s5135/78g,1.699,Televisores,5.0,5,5,Mercado Livre
"TV Philco PTV39N87D LED HD 39"" 110V/220V",1.179,Televisores,4.6,171,5,Mercado Livre
"Smart TV LG AI ThinQ 55QNED80SQA webOS 22 4K 55"" 100V/240V",3.799,Televisores,5.0,6,5,MERCADOLIVRE ELETRONICOS
"Smart TV LG 55NANO80SQA LED webOS 22 4K 55"" 100V/240V",3.099,Televisores,4.8,24,5,INPOWER
"Smart TV Philips 6900 Series 32PHG6917/78 LED Android 10 HD 32"" 110V/240V",1.367,Televisores,4.7,22,5,Engage Eletro
"Smart TV Samsung Crystal UHD UN75BU8000GXZD LED Tizen 4K 75"" 100V/240V",5.699,Televisores,4.6,13,5,Mercado Livre
"Smart TV Philco PTV50G70R2CSGBL LED Roku OS 4K 50"" 110V/220V",2.599,Televisores,4.8,100,5,MERCADOLIVRE ELETRONICOS
Tv Portátil Digital 14 Polegadas Led Hd Usb Hdmi Sd Monitor,"555,75",Televisores,4.3,79,5,TECHSTORE MERCADO
"Smart TV Multilaser TL040 DLED Linux HD 24"" 100V/220V","1.614,90",Televisores,4.5,255,5,BAYBAYSHOP
Smart Tv Tcl Led 32 Polegadas Hd Wi-fi Roku Hdmi Usb 32rs530,"1.099,45",Televisores,5.0,1,5,ELETRO2U
"Smart TV Samsung UN65AU7700GXZD LED Tizen 4K 65"" 100V/240V",3.809,Televisores,4.8,113,5,Girafa
Esmerilhadeira angular Mondial FES-02 vermelha 700 W 127 V + acessórios,"144,18",Esmerilhadeira e Retificadeira,4.3,726,5,DdMaquinas
Máquina de solda Pró Euro Multiprocesso MIG 228A Flex laranja e preta 220V,"1.437,35",Maquinas de Solda,3.9,21,5,CENTRAL_DA_SOLDA
Furadeira Martelete Sem Fio De 10mm Schulz Fpb 12v + Acessórios Com Maleta De Transporte 110v/220v,"215,92",De Mão,4.3,33,5,DESTAK FERRAMENTAS
"Furadeira parafusadeira sem fio de 10mm Schulz FPB 16V 16V + accesorios com maleta de transporte 110V/220V
","223,39",De Mão,4.1,121,5,MBC FERRAMENTAS
Serra circular elétrica Bosch Professional GKS 150 184mm 1500W azul 220V,"764,51",Circulares,4.9,844,5,Luitex Ferramentas
Furadeira Martelete Sem Fio Multilaser Multilaser-ho099 12v,"205,59",De Mão,4.6,81,5,Ismafer Ferramentas
Máquina de solda inverter Super Tork Profissional KAB 180 Micro BV amarela e preta 50Hz/60Hz 127V/220V,858,Maquinas de Solda,4.7,134,5,Super Tork
"Furadeira martelete  elétrica de 10mm Hammer FI-2000 570W 127V
","137,90",De Mão,4.4,242,5,Ismafer Ferramentas
Esmerilhadeira angular Gamma G1913 de 60 Hz azul-celeste 2000 W 127 V + acessório,"355,11",Esmerilhadeira e Retificadeira,4.4,35,5,MBC FERRAMENTAS
Serra circular elétrica Skil 5402 184mm 1400W petra e vermelha 50Hz/60Hz 110V,"631,01",Circulares,4.8,244,5,Luitex Ferramentas
"Samsung Galaxy Watch4 (Bluetooth) 1.2"" caixa 40mm de  alumínio  black, pulseira  black SM-R860",899,Smartwatches,4.7,653,5,Mercado Livre
Galaxy Watch 5 Lte 40mm Cinza Escuro Samsung,1.329,Smartwatches,4.5,28,5,Mercado Livre
"Apple Watch SE (GPS, 40mm) - Caixa de alumínio cinza-espacial - Pulseira esportiva Preto","1.799,08",Smartwatches,4.8,406,5,RSHOPDIGITAL
"Smartwatch Amazfit GTS 4 1.75"" caixa  black, pulseira  misty white","1.021,25",Smartwatches,4.8,86,5,DRCX ELETRONICOS
"Smartwatch Haylou RS4 Plus 1.78"" caixa de  metal  preta, pulseira  preta e o arco  preto","355,41",Smartwatches,4.6,103,5,ESPAÇOTECH
"Relogio Xiaomi Mi Smart Band 7 1.62"" caixa preta, pulseira preta","297,36",Smartwatches,4.7,352,5,SALESSUCCESS.COM
"Smartwatch Lacrado W68 Ultra Series 8 Nfc Tela 2,0 ","218,89",Smartwatches,3.8,57,5,AIOBH PHONES
Relógio Smartwatch Bluetooth Hw12 Feminino Rosa,"145,99",Smartwatches,4.6,14,5,LILILARKSTORE
"Samsung Galaxy Watch4 Classic (Bluetooth) 1.4"" caixa 46mm de  aço inoxidável  black, pulseira  black e o arco  black de  aço inox SM-R890",1.359,Smartwatches,4.9,238,5,Mercado Livre
"Samsung Galaxy Watch4 Classic (Bluetooth) 1.4"" caixa 46mm de  aço inoxidável  silver, pulseira  silver e o arco  black de  aço inox SM-R890","1.439,10",Smartwatches,4.9,238,5,NEXTSMARTPHONES
Apple Watch Series 8 GPS - Caixa meia-noite de alumínio 45 mm - Pulseira esportiva meia-noite - Padrão,2.949,Smartwatches,4.9,335,4,MAGAZINE SHOPPER
Apple Watch Series 8 GPS - Caixa meia-noite de alumínio 41 mm - Pulseira esportiva meia-noite - Padrão,"3.008,38",Smartwatches,5.0,313,5,RSHOPDIGITAL
"Apple Watch SE (GPS, 44mm) - Caixa de alumínio cinza-espacial - Pulseira esportiva Preto","2.184,03",Smartwatches,4.9,319,5,RSHOPDIGITAL
Smartwatch Technos Connect Max ,"861,30",Smartwatches,4.6,12,5,GISELEDASILVAAGUIARGISELE
Relógio Mormaii Smartband Unisex Fitsport Preto Moid151aa/8p,"212,41",Smartwatches,3.9,9,5,RELOI VENDAS
Relógio Inteligente Smartwatch Blulory Glifo Ios E Android,189,Smartwatches,5.0,1,5,EOLIVEIRAJR
Smartwatch Mormaii Life,533,Smartwatches,4.6,11,5,RELOI VENDAS
Smartband Amazfit Band 7 Versão Global 2022,"313,40",Smartwatches,4.8,162,5,CONFISHOP_STORE
"Smartwatch Relogio Haylou Rs3 Ls04 Bike, Corrida,pedal, Gps","292,60",Smartwatches,4.5,8,5,OGAITCENTER
"Smartwatch Honor Band 6 1.47"" caixa  black, pulseira  meteorite black ARG-B39","224,10",Smartwatches,4.7,118,5,BRS_DIGITAL
Relógio Inteligente Smartwatch D13 Bluetooth Android / Ios,60,Smartwatches,3.8,8,5,SHOP ARAÚJO
Relógio Smartwatch Android Ios Inteligente D20 Bluetooth,"39,90",Smartwatches,3.8,125,5,QQUANTO
"Smartwatch Smart Bracelet D20 1 1.3"" com rede móvel caixa de  plástico  rosa, pulseira  rosa","39,89",Smartwatches,3.7,1594,5,LILILARKSTORE
Alto-falante Mondial CM-400 portátil com bluetooth preto e vermelho 110V/220V ,489,Caixas Bluetooth,4.6,2850,5,Mercado Livre
Alto-falante JBL Go Essential portátil com bluetooth waterproof preto ,"280,12",Caixas Bluetooth,4.9,46,5,RAS-SHOP_RELOGIOS
Alto-falante JBL Partybox Encore Essential portátil com bluetooth waterproof preto 100V/240V ,1.899,Caixas Bluetooth,4.8,223,5,Mercado Livre
Caixa se som Alto-falante JBL Boombox 3 portátil com bluetooth waterproof black 100V/240V,2.999,Caixas Bluetooth,4.8,615,5,2Eletro
Caixa De Som Jbl Partybox Encore C/ 2 Microfone,2.699,Caixas Bluetooth,4.8,256,5,2Eletro
Alto-falante Briwax FBX-103 portátil com bluetooth preto ,"289,90",Caixas Bluetooth,4.6,698,5,123 Comprou
Alto-falante Amvox Aca 188 Gigante portátil com bluetooth preto 110V/220V ,299,Caixas Bluetooth,4.0,824,5,Auto Equip
Caixa De Som Bluetooth Potente Led C/ Suporte - Kts1236,"89,55",Caixas Bluetooth,4.4,38,3,RUFINOWILSON20220506183116
Caixa De Som Amplificada Violão Guitar Mic Bluet - 30w Rms,"379,52",Caixas de Som,4.0,4,5,JF SOUNDCONQUEST
Alto-falante JBL PartyBox 110 com bluetooth black 100V/240V ,"2.443,50",Caixas Bluetooth,4.8,273,5,VENDEDOR2005100
Alto-falante JBL Boombox 3 portátil com bluetooth waterproof squad 100V/240V ,"3.128,34",Caixas Bluetooth,4.8,615,5,Mercado Livre
Alto-falante JBL Boombox 3 portátil com bluetooth waterproof squad 100V/240V ,"3.128,34",Caixas Bluetooth,4.8,615,5,Mercado Livre
Alto-falante Amvox Aca 1100 Dezoitão com bluetooth preto 127V/220V ,1.649,Caixas Bluetooth,4.7,54,5,123 Comprou
Caixinha De Som Para Pc Com Entrada P2 Usb,"20,99",Caixas de Som e Subwoofer,4.1,15,5,FERNANDO ELETRO10
Caixinha De Som Bluetooth 5w Portátil Bass Resistente A Água,"47,40",Caixas Bluetooth,4.4,11,5,LOJA CAPINHA
Alto-falante JBL PartyBox 710 com bluetooth waterproof preto 100V/240V ,4.385,Caixas Bluetooth,4.8,40,5,Fast Shop
Alto-falante JBL CI6SA white ,"269,99",Caixas Acústicas ,4.9,43,5,JADESHOP LTDA
Monitor de palco JBL EON615 com bluetooth preto 100V-120V ,4.389,Caixas de Som,4.8,57,5,Musitech
Alto-falante JBL Xtreme 3 portátil com bluetooth waterproof blue ,"1.593,90",Caixas Bluetooth,4.8,317,5,NEXTSMARTPHONES
Alto-falante JBL Xtreme 3 portátil com bluetooth waterproof blue ,"1.593,90",Caixas Bluetooth,4.8,317,5,NEXTSMARTPHONES
Alto-falante Sumay Thunder X SM-CAP18T com bluetooth preto 110V/240V ,"1.394,37",Caixas Bluetooth,4.6,23,4,KMOURA.COM
Caixa De Som Sumay Powerbox 400w Rms Tws Bluetooth Cap-31,"737,10",Caixas Bluetooth,5.0,3,5,K ELETRÔNICOS
Alto-falante BSA Audio All Weather AW-4 preto ,"539,91",Caixas Acústicas ,4.8,5,5,STARMAX ELETRONICOS
Monitor de palco JBL Eon One Compact portátil com bluetooth preto ,"4.735,80",Caixas de Som,4.8,24,5,PONTOMUSICALCF
Caixa De Som Amplificada Bluet/mic/guitarra/violão 6''/40w,"504,51",Caixas de Som,5.0,2,5,JF SOUNDCONQUEST
Alto-falante Staner SR-615A 115V/230V ,3.288,Caixas Acústicas ,5.0,1,5,Musical Store 
Alto-falante JBL MAX 15 com bluetooth preto 110V-127V ,"3.014,10",Caixas Acústicas ,4.8,51,5,E-AUTOMOTIVO
Alto-falante Harman Kardon Aura Studio 3 portátil com bluetooth preto 100V/240V ,"2.092,72",Caixas Bluetooth,4.9,27,5,Shop Prático
Caixa Amplificada Monitor De Retorno Ativo Opmv-1812d-pt,"1.882,71",Caixas Acústicas ,5.0,2,5,Bueno Shop
Alto-falante JBL Selenium Ambientare C621 preto ,"1.003,50",Caixas de Som,4.7,69,5,Mercadão da Música
Alto-falante Kimiso KMS-1182 com bluetooth preto ,35,Caixas Bluetooth,4.6,145,4,TOPECOMMMERCE
Alto-falante JBL Pulse 4 portátil com bluetooth waterproof preto ,"1.717,87",Caixas Bluetooth,4.8,34,5,UAI COMÉRCIO
Alto-falante JBL Selenium Ambientare 6CO2R branco ,"404,10",Caixas Acústicas ,4.9,54,5,DIGISOM DISTRIBUIDORA
Alto-falante JBL Selenium Ambientare C521 white ,"680,06",Caixas Acústicas ,4.8,77,5,BIGBEAVER
Alto-falante Grasep D-G125 com bluetooth e wifi azul ,"125,99",Caixas Bluetooth,4.3,44,5,GGEELETRONICOS
Alto-falante Knup KP-6041 portátil preto ,"83,32",Caixas de Som e Subwoofer,4.4,109,5,SHOP4IMPORTS
Alto-falante JBL Go 3 portátil com bluetooth waterproof red ,259,Caixas Bluetooth,4.7,3745,5,DIRETODAPAGE
Caixa De Som Bluetooth 5.0 Led 15w Ipx6 Fm Sd Kimaster K460,"214,20",Caixas Bluetooth,5.0,7,5,BTQ DIGITAL
Alto-falante Multilaser SP091 black piano 110V/220V ,"79,90",Caixas de Som e Subwoofer,4.4,318,5,MAISEM_CONTA
Caixa De Som Portátil Bluetooth Tronsmart T7 Mini 15w Ipx7 ,"182,25",Caixas Bluetooth,4.9,13,5,LOG_IMPORTS
Caixa De Som Carrinho Suv Bluetooth Rádio Usb Recarregável ,"161,49",Caixas Bluetooth,5.0,2,5,LEMESUTILIDADESTECH
"Smart TV Samsung Series 5 UN43T5300AGXZD LED Tizen Full HD 43"" 100V/240V",1.879,Televisores,4.8,686,5,2Eletro
"Smart TV LG 55UQ801C0SB LCD 4K 55"" 100V/240V",2.529,Televisores,4.8,203,5,2Eletro
"Smart TV Samsung Neo QLED 4K QN50QN90BAGXZD QLED Tizen 4K 50"" 100V/240V",4.399,Televisores,4.8,49,5,Mercado Livre
"Smart TV Samsung Series Business LH55BETHVGGXZD LED 4K 55"" 100V/240V",2.699,Televisores,4.6,155,5,MEGAMAMUTE OFICIALES
"Smart TV LG AI ThinQ 50NANO75SQA LCD webOS 22 4K 50"" 100V/240V",2.699,Televisores,4.8,128,5,Mercado Livre
"Smart TV Semp 43R6500 LED Roku TV Full HD 43"" 100V/240V",1.799,Televisores,4.8,36,5,Mercado Livre
"Furadeira parafusadeira sem fio de 10mm Mondial FPF-06M 12V + accesorios com maleta de transporte 100V/240V 50Hz/60Hz
","174,58",De Mão,4.6,4434,5,Ismafer Ferramentas
Esmerilhadeira angular Bosch Professional GWS 850 + 3 discos azul 850 W 220 V 3 discos,"390,71",Esmerilhadeira e Retificadeira,4.8,337,5,Luitex Ferramentas
"Esmerilhadeira angular Tssaper Tsea de 60 Hz azul-turquesa 820 W 110 V 1 manual, 2 discos, + acessório","168,21",Esmerilhadeira e Retificadeira,4.2,399,5,TSSAPER
Serra Circular De Mesa Gts 254 Bosch,"1.704,94",Circulares,4.5,4,5,Gmad
"Esmerilhadeira angular Black+Decker G720 de 50 Hz/60 Hz laranja 820 W 220 V 1 disco de desbaste, Manual","230,51",Esmerilhadeira e Retificadeira,4.7,3852,5,DdMaquinas
"Smartwatch IWO W26+ Plus 1.75"" caixa 44mm de  liga de zinco  prata, pulseira  branca","116,99",Smartwatches,3.7,127,5,AIOBH PHONES
"Smartwatch Amazfit Fashion GTR 2 Sport Edition 1.39"" caixa 46.4mm de  liga de alumínio  black, pulseira  obsidian black A1952","654,55",Smartwatches,4.7,320,5,MSIMPORTSS
"Huawei Band 7 1.47"" caixa de  polímero  dark gray, pulseira  graphite black","337,36",Smartwatches,4.8,115,5,RYTOPBRASILLTDA
Relógio Smartwatch Amazfit Bip 3 Spo2 Monitor Saúde Esportes,"303,99",Smartwatches,5.0,5,5,CAMARGOPAULA20220711202323
Smartwatch HW8 Ultra Serie 8 Ultra 45mm,"223,92",Smartwatches,3.3,132,5,ECOMMERCE OUTLET
"Smartwatch Colmi P45 1.81"" caixa de  liga de zinco  prata, pulseira  cinza",209,Smartwatches,4.3,23,5,GEEK_RJ
"Smartwatch Smart Bracelet D20 1 1.3"" com rede móvel caixa de  plástico  preta, pulseira  preta e o arco de  acrílico e plástico","27,45",Smartwatches,3.7,1594,5,JEFF PASCULLI
Alto-falante JBL Go Essential portátil com bluetooth waterproof vermelho ,"280,12",Caixas Bluetooth,4.9,46,5,RAS-SHOP_RELOGIOS
Alto-falante Mondial Connect Power Plus CM-550 com bluetooth 127V/220V ,"590,45",Caixas Acústicas ,4.7,1187,5,Mercado Livre
Alto-falante Amvox Aca 1005 Titan com bluetooth preto 110V/220V ,"1.249,90",Caixas Bluetooth,4.5,173,5,Auto Equip
Alto-falante JBL PartyBox 310 com bluetooth waterproof black 100V/240V ,3.099,Caixas Bluetooth,4.9,259,5,2Eletro
Alto-falante Amvox Aca 221 portátil com bluetooth preto 110V/220V ,"315,09",Caixas Bluetooth,4.2,375,3,DEBRES CIA
Alto-falante JBL Go 3 portátil com bluetooth waterproof blue ,"239,20",Caixas Bluetooth,4.7,3745,5,DRCX ELETRONICOS
Alto-falante JBL Boombox 2 portátil com bluetooth waterproof black 100V/240V ,2.099,Caixas Bluetooth,4.8,1021,5,2Eletro
Caixa De Som Bluetooth Recarregável Com Usb E Fm,"102,60",Caixas Bluetooth,4.7,9,5,ELETROMASACOMPONENTESEACESO
Alto-falante Grasep D-S14 com bluetooth preto ,"184,50",Caixas Bluetooth,4.4,896,5,ELETROMASACOMPONENTESEACESO
Alto-falante Polyvox Bazuka XB-650 portátil com bluetooth preto 100V/240V ,"387,52",Caixas Bluetooth,4.2,18,5,Toca dos Peixes
Alto-falante JBL MAX 10 portátil com bluetooth preto 110V-127V ,"2.186,10",Caixas Acústicas ,5.0,9,5,E-AUTOMOTIVO
"Caixa De Som Portátil Com Bluetooth, Usb E Rádio Fm","102,60",Caixas Bluetooth,4.7,9,5,ELETROMASACOMPONENTESEACESO
Kit Caixa Som Ambiente 140w Parede Teto Escritório Sala Bar,"116,99",Caixas Acústicas ,5.0,1,5,EVOX ELETRONICOS
Alto-falante JBL 6CO1Q branco ,"233,91",Caixas Acústicas ,4.8,26,5,ON.UP SOUND
Sistema De Som Electro Voice Evolve 30m | 1000w | Bluetooth ,10.389,Caixas Acústicas ,5.0,2,5,BIGBEAVER
Alto-falante JBL Xtreme 3 portátil com bluetooth waterproof black ,"1.777,89",Caixas Bluetooth,4.8,317,5,Mercado Livre
Alto-falante Frahm Residence RD SW RD SW 12 branco 90V/240V ,1.606,Caixas Acústicas ,3.5,6,5,Quality SP
Par Caixas De Som Ambiente De Parede 140w Rms 8 Ohms Branca,"126,20",Caixas Acústicas ,4.5,14,5,E AUTOMOTIVO
Alto-falante Amvox Aca 250 Groove portátil com bluetooth preto 110V/220V ,"629,97",Caixas Acústicas ,4.5,188,5,KMOURASHOP
Caixa De Som Bluetooth Xiaomi Portátil Hd 2w,"69,21",Caixas Bluetooth,5.0,1,5,SHARK-TOYS
Caixa De Som Motorola Sphere (2em1) Com Fone De Ouvido Preto,"421,20",Caixas Bluetooth,4.5,2,5,JLS.ELETRONICOS
Caixa Som Bluetooth Tronsmart T7 30w Original / Lacrada,"406,60",Caixas Bluetooth,4.8,4,5,EDTECHNOLOGIC
Alto-falante JBL Clip 4 portátil com bluetooth waterproof blue ,"390,74",Caixas Bluetooth,4.8,621,5,Eletroking
Caixinha De Som Alto Falante Portátil Bluetooth Usb Auxiliar Painel Solar ,"42,31",Caixas Bluetooth,4.7,7,5,ELETROMASACOMPONENTESEACESO
Soudbar Speaker Multimidia 2.0 Canais 6 Potencia Original,"79,80",Caixas de Som e Subwoofer,4.5,16,5,THOMTHOMTHOMTHOM20220512085500
Alto-falante H'maston E-20 portátil com bluetooth camuflado cinza ,"116,10",Caixas Bluetooth,4.4,574,5,FERNANDO ELETRO10
Alto-falante Grasep D-S14 com bluetooth azul ,"269,10",Caixas Bluetooth,4.4,896,5,SHOPPINGSDIMPORT
Alto-falante Grasep D-G125 com bluetooth e wifi camuflado ,"125,99",Caixas Bluetooth,4.3,44,5,GGEELETRONICOS
Par Caixa De Som Ambiente Af Tsr 55w 8 Ohms Branca Orion,"116,99",Caixas Acústicas ,4.5,2,5,EVOX ELETRONICOS
Alto-falante Knup KP-603 azul ,"26,99",Caixas de Som e Subwoofer,4.3,74,5,VITAL.TECH
Alto-falante Havit HV-SK202 preto ,"94,75",Caixas de Som e Subwoofer,4.7,26,5,HAVIT OFICIAL
Caixa De Som Bluetooth Para Bike Portátil Resistente Potente,"73,86",Caixas Bluetooth,4.6,5,5,WILSHOPPING
Alto-falante Knup KP-603 preto ,"24,29",Caixas de Som e Subwoofer,4.3,74,5,VITAL.TECH
Alto-falante Grasep D-BH887 com bluetooth roxo ,"22,67",Caixas Bluetooth,4.4,801,5,MARLIL SA
Caixa De Som Potente Bluetooth 5.0 Bateria De Longa Duração,"48,40",Caixas Bluetooth,4.5,65,5,NEWNETSTORE
Caixa De Som Gamer Creative Pebble Plus 2.1 8w Rms,"41,39",Caixas Bluetooth,4.6,5,5,GREEN_HOUSE_BONSAI
Alto-falante Grasep AL-301 com bluetooth preto ,"38,04",Caixas Bluetooth,4.0,905,5,OFERTAS-DO-MOMENTO
Alto-falante Exbom CS-A6BT com bluetooth waterproof amarelo ,"24,74",Caixas Bluetooth,3.8,311,5,ALUX UTILIDADES
Fiorucci Dolce Amore - Perfume Feminino - Deo Colonia 90ml,"56,80",Perfumes,4.8,8,5,Vanvic
Paris Elysees Vodka Man EDT 100ml para masculino,"45,02",Perfumes,4.6,77,5,Vanvic
Paris Elysees Vodka Wild EDT 100ml para masculino,"45,02",Perfumes,4.5,63,5,Vanvic
Calandre Paco Rabanne 100ml Feminino | Original + Amostra Volume Da Unidade 100 Ml,"310,66",Perfumes,3.7,12,5,Bagatelle Perfumaria
O Boticário Malbec Deo-colônia 100ml para masculino,"179,58",Perfumes,4.6,757,5,COSMÉTICO ECIA
Carolina Herrera Good Girl EDP 150ml para feminino,"596,47",Perfumes,4.3,245,5,Bagatelle Perfumaria
Paco Rabanne Phantom EDT 150ml para masculino recarregável,"522,66",Perfumes,4.5,72,5,Bagatelle Perfumaria
Paco Rabanne Invictus Victory EDP 200ml para masculino,"574,87",Perfumes,4.4,139,5,Bagatelle Perfumaria
 Armani Code Classic Giorgio Armani EDT 200ml para masculino,"495,50",Perfumes,3.9,89,5,GRIFESEESTILO
Paris Elysees Vodka Limited Edition EDT 100ml para masculino,"42,17",Perfumes,4.4,1147,5,LIDER PARFUM
Jacques Bogart Silver Scent Intense EDT 100ml para masculino,175,Perfumes,4.4,184,5,DMV IMPORTS.
Paris Elysees Caviar Black EDT 100ml para masculino,"50,10",Perfumes,4.2,246,5,LIDER PARFUM
Giorgio Armani Acqua di Giò Absolu EDP 125ml para masculino,"529,11",Perfumes,5.0,12,5,Auma Perfumaria
O Boticário Glamour Secrets Black Deo-colônia 75ml para feminino,"164,90",Perfumes,4.2,119,5,L.A.AGUIAR
Sexy Woman Love Paris Elysses 100ml Feminino,"41,21",Perfumes,4.5,49,5,Vanvic
Romantic Glamour Paris Elysees Perfume Feminino 100 Ml,58,Perfumes,4.4,74,5,LIDER PARFUM
La Rive L'excellente Edp 100 ml Para Mulher,"62,70",Perfumes,4.4,22,5,LIDER PARFUM
Giorgio Armani My Way EDP 30ml para feminino recarregável,389,Perfumes,4.5,73,5,Bagatelle Perfumaria
Natura Ilía Secreto EDP 50ml para Mulher,"105,47",Perfumes,4.8,112,3,VALERIA ARIEDE
Perfume Feminino Sapatinho Giverny Blue Diamond Femme 100ml,"65,68",Perfumes,4.7,23,5,LIDER PARFUM
Paris Elysees La Petite Fleur d’Amour EDT 100ml para feminino,"49,19",Perfumes,4.4,140,5,LIDER PARFUM
La Rive In Love Edp 90 ml Para Mulher,"62,61",Perfumes,3.9,14,5,LIDER PARFUM
Perry Ellis 360° EDT 100ml para feminino,"209,21",Perfumes,4.6,14,5,ADRIANAVENDRAMINIPELEGRIM
Perfume O.u.i Élégance Royale 115 Eau De Parfum - 75ml,238,Perfumes,4.0,8,5,DALORE BR
Carolina Herrera 212 Sexy EDP 30ml para feminino,"349,85",Perfumes,4.1,43,5,Auma Perfumaria
Scuderia Ferrari Forte 125ml Edp,"248,91",Perfumes,4.4,27,5,ONSHOP_EJOTA
Natura Una Clássico Deo Parfum 75 ml Para Mulher,"245,61",Perfumes,4.0,28,5,SAMA5277881
Britney Spears Midnight Fantasy EDP 100ml para feminino,"213,59",Perfumes,4.4,30,5,ROCHA_IMPORTADOS_
Paris Elysees Vodka Brasil Yellow EDT 100ml para masculino,"43,01",Perfumes,4.5,288,5,LIDER PARFUM
Salvador Dalí Aphrodite Laguna EDT 100ml para feminino,"141,24",Perfumes,3.7,46,4,Vizcaya
La Rive Donna la Rive EDP 90ml para feminino,"68,52",Perfumes,4.3,53,5,Vanvic
La Rive Madame Isabelle Edp 90 ml Para Mulher,"62,61",Perfumes,3.7,109,5,LIDER PARFUM
Paris Elysees Blue Melody Edt 100 ml Para Mulher,"41,92",Perfumes,4.2,361,5,LIDER PARFUM
Kit Everlast Black Extreme Deo Colônia 100ml + 2 Sabonetes,"136,41",Perfumes,5.0,1,5,SILVA.E.CORREA.LTDA
Cacharel Amor Amor EDT 30ml para feminino,"106,18",Perfumes,4.1,184,5,Ateni
Imensi Eudora Deo Colônia 100ml Feminino ,"96,52",Perfumes,5.0,12,5,CFRCOSMETICOS
Perfume Paris Elysees I Love P.e. Edt 100 Ml,"44,64",Perfumes,4.4,73,5,LIDER PARFUM
Victoria's Secret Bare Vainilla Body mist 250ml para feminino,"111,15",Perfumes,4.0,54,5,MERCEARIA_ 4IRMAOS
Hinode Feelin For Him Colônia 100 ml Para Homem,"104,40",Perfumes,4.7,7,5,VENYX COSMETICOS
Natura Luna Deo-colônia 75ml Tradicional Feminino,"97,89",Perfumes,4.8,143,5,NAIRA_TEI
Shakira Dance EDT 50ml para feminino,"103,07",Perfumes,3.8,13,5,Auma Perfumaria
Perfume Jasmim Dolce Sense Paris Elysees Edp 60ml Lacrado,"23,82",Perfumes,3.9,48,5,LIDER PARFUM
Eau De Parfum Herstory Love Inspires Perfume Feminino Avon,"45,88",Perfumes,4.7,3,5,TARRAN COSMÉTICOS
Perfume Polo Club Palermo Black,"80,10",Perfumes,4.0,6,5,YEARONEPERFUMES
